
Cell sky130_fd_sc_hd__decap_3 (0) disconnected node: VGND
Cell sky130_fd_sc_hd__decap_3 (0) disconnected node: VNB
Cell sky130_fd_sc_hd__decap_3 (0) disconnected node: VPB
Cell sky130_fd_sc_hd__decap_3 (0) disconnected node: VPWR

Subcircuit pins:
Circuit 1: sky130_fd_sc_hd__decap_3        |Circuit 2: sky130_fd_sc_hd__decap_3        
-------------------------------------------|-------------------------------------------
VGND                                       |VGND                                       
VNB                                        |VNB                                        
VPB                                        |VPB                                        
VPWR                                       |VPWR                                       
---------------------------------------------------------------------------------------
Cell pin lists are equivalent.
Device classes sky130_fd_sc_hd__decap_3 and sky130_fd_sc_hd__decap_3 are equivalent.

Cell sky130_fd_sc_hd__tapvpwrvgnd_1 (0) disconnected node: VGND
Cell sky130_fd_sc_hd__tapvpwrvgnd_1 (0) disconnected node: VPWR
Cell sky130_fd_sc_hd__tapvpwrvgnd_1 (1) disconnected node: VGND
Cell sky130_fd_sc_hd__tapvpwrvgnd_1 (1) disconnected node: VPWR

Subcircuit pins:
Circuit 1: sky130_fd_sc_hd__tapvpwrvgnd_1  |Circuit 2: sky130_fd_sc_hd__tapvpwrvgnd_1  
-------------------------------------------|-------------------------------------------
VGND                                       |VGND                                       
VPWR                                       |VPWR                                       
---------------------------------------------------------------------------------------
Cell pin lists are equivalent.
Device classes sky130_fd_sc_hd__tapvpwrvgnd_1 and sky130_fd_sc_hd__tapvpwrvgnd_1 are equivalent.

Cell sky130_fd_sc_hd__or4bb_2 (0) disconnected node: A
Cell sky130_fd_sc_hd__or4bb_2 (0) disconnected node: B
Cell sky130_fd_sc_hd__or4bb_2 (0) disconnected node: C_N
Cell sky130_fd_sc_hd__or4bb_2 (0) disconnected node: D_N
Cell sky130_fd_sc_hd__or4bb_2 (0) disconnected node: VGND
Cell sky130_fd_sc_hd__or4bb_2 (0) disconnected node: VNB
Cell sky130_fd_sc_hd__or4bb_2 (0) disconnected node: VPB
Cell sky130_fd_sc_hd__or4bb_2 (0) disconnected node: VPWR
Cell sky130_fd_sc_hd__or4bb_2 (0) disconnected node: X

Subcircuit pins:
Circuit 1: sky130_fd_sc_hd__or4bb_2        |Circuit 2: sky130_fd_sc_hd__or4bb_2        
-------------------------------------------|-------------------------------------------
A                                          |A                                          
B                                          |B                                          
C_N                                        |C_N                                        
D_N                                        |D_N                                        
VGND                                       |VGND                                       
VNB                                        |VNB                                        
VPB                                        |VPB                                        
VPWR                                       |VPWR                                       
X                                          |X                                          
---------------------------------------------------------------------------------------
Cell pin lists are equivalent.
Device classes sky130_fd_sc_hd__or4bb_2 and sky130_fd_sc_hd__or4bb_2 are equivalent.

Cell sky130_fd_sc_hd__fill_1 (0) disconnected node: VGND
Cell sky130_fd_sc_hd__fill_1 (0) disconnected node: VNB
Cell sky130_fd_sc_hd__fill_1 (0) disconnected node: VPB
Cell sky130_fd_sc_hd__fill_1 (0) disconnected node: VPWR
Cell sky130_fd_sc_hd__fill_1 (1) disconnected node: VGND
Cell sky130_fd_sc_hd__fill_1 (1) disconnected node: VNB
Cell sky130_fd_sc_hd__fill_1 (1) disconnected node: VPB
Cell sky130_fd_sc_hd__fill_1 (1) disconnected node: VPWR

Subcircuit pins:
Circuit 1: sky130_fd_sc_hd__fill_1         |Circuit 2: sky130_fd_sc_hd__fill_1         
-------------------------------------------|-------------------------------------------
VGND                                       |VGND                                       
VNB                                        |VNB                                        
VPB                                        |VPB                                        
VPWR                                       |VPWR                                       
---------------------------------------------------------------------------------------
Cell pin lists are equivalent.
Device classes sky130_fd_sc_hd__fill_1 and sky130_fd_sc_hd__fill_1 are equivalent.

Cell sky130_fd_sc_hd__fill_2 (0) disconnected node: VGND
Cell sky130_fd_sc_hd__fill_2 (0) disconnected node: VNB
Cell sky130_fd_sc_hd__fill_2 (0) disconnected node: VPB
Cell sky130_fd_sc_hd__fill_2 (0) disconnected node: VPWR
Cell sky130_fd_sc_hd__fill_2 (1) disconnected node: VGND
Cell sky130_fd_sc_hd__fill_2 (1) disconnected node: VNB
Cell sky130_fd_sc_hd__fill_2 (1) disconnected node: VPB
Cell sky130_fd_sc_hd__fill_2 (1) disconnected node: VPWR

Subcircuit pins:
Circuit 1: sky130_fd_sc_hd__fill_2         |Circuit 2: sky130_fd_sc_hd__fill_2         
-------------------------------------------|-------------------------------------------
VGND                                       |VGND                                       
VNB                                        |VNB                                        
VPB                                        |VPB                                        
VPWR                                       |VPWR                                       
---------------------------------------------------------------------------------------
Cell pin lists are equivalent.
Device classes sky130_fd_sc_hd__fill_2 and sky130_fd_sc_hd__fill_2 are equivalent.

Cell sky130_fd_sc_hd__or3_2 (0) disconnected node: A
Cell sky130_fd_sc_hd__or3_2 (0) disconnected node: B
Cell sky130_fd_sc_hd__or3_2 (0) disconnected node: C
Cell sky130_fd_sc_hd__or3_2 (0) disconnected node: VGND
Cell sky130_fd_sc_hd__or3_2 (0) disconnected node: VNB
Cell sky130_fd_sc_hd__or3_2 (0) disconnected node: VPB
Cell sky130_fd_sc_hd__or3_2 (0) disconnected node: VPWR
Cell sky130_fd_sc_hd__or3_2 (0) disconnected node: X

Subcircuit pins:
Circuit 1: sky130_fd_sc_hd__or3_2          |Circuit 2: sky130_fd_sc_hd__or3_2          
-------------------------------------------|-------------------------------------------
A                                          |A                                          
B                                          |B                                          
C                                          |C                                          
VGND                                       |VGND                                       
VNB                                        |VNB                                        
VPB                                        |VPB                                        
VPWR                                       |VPWR                                       
X                                          |X                                          
---------------------------------------------------------------------------------------
Cell pin lists are equivalent.
Device classes sky130_fd_sc_hd__or3_2 and sky130_fd_sc_hd__or3_2 are equivalent.

Cell sky130_fd_sc_hd__nor4_2 (0) disconnected node: A
Cell sky130_fd_sc_hd__nor4_2 (0) disconnected node: B
Cell sky130_fd_sc_hd__nor4_2 (0) disconnected node: C
Cell sky130_fd_sc_hd__nor4_2 (0) disconnected node: D
Cell sky130_fd_sc_hd__nor4_2 (0) disconnected node: VGND
Cell sky130_fd_sc_hd__nor4_2 (0) disconnected node: VNB
Cell sky130_fd_sc_hd__nor4_2 (0) disconnected node: VPB
Cell sky130_fd_sc_hd__nor4_2 (0) disconnected node: VPWR
Cell sky130_fd_sc_hd__nor4_2 (0) disconnected node: Y

Subcircuit pins:
Circuit 1: sky130_fd_sc_hd__nor4_2         |Circuit 2: sky130_fd_sc_hd__nor4_2         
-------------------------------------------|-------------------------------------------
A                                          |A                                          
B                                          |B                                          
C                                          |C                                          
D                                          |D                                          
VGND                                       |VGND                                       
VNB                                        |VNB                                        
VPB                                        |VPB                                        
VPWR                                       |VPWR                                       
Y                                          |Y                                          
---------------------------------------------------------------------------------------
Cell pin lists are equivalent.
Device classes sky130_fd_sc_hd__nor4_2 and sky130_fd_sc_hd__nor4_2 are equivalent.

Cell sky130_fd_sc_hd__and3b_2 (0) disconnected node: A_N
Cell sky130_fd_sc_hd__and3b_2 (0) disconnected node: B
Cell sky130_fd_sc_hd__and3b_2 (0) disconnected node: C
Cell sky130_fd_sc_hd__and3b_2 (0) disconnected node: VGND
Cell sky130_fd_sc_hd__and3b_2 (0) disconnected node: VNB
Cell sky130_fd_sc_hd__and3b_2 (0) disconnected node: VPB
Cell sky130_fd_sc_hd__and3b_2 (0) disconnected node: VPWR
Cell sky130_fd_sc_hd__and3b_2 (0) disconnected node: X

Subcircuit pins:
Circuit 1: sky130_fd_sc_hd__and3b_2        |Circuit 2: sky130_fd_sc_hd__and3b_2        
-------------------------------------------|-------------------------------------------
A_N                                        |A_N                                        
B                                          |B                                          
C                                          |C                                          
VGND                                       |VGND                                       
VNB                                        |VNB                                        
VPB                                        |VPB                                        
VPWR                                       |VPWR                                       
X                                          |X                                          
---------------------------------------------------------------------------------------
Cell pin lists are equivalent.
Device classes sky130_fd_sc_hd__and3b_2 and sky130_fd_sc_hd__and3b_2 are equivalent.

Cell sky130_fd_sc_hd__o211a_2 (0) disconnected node: A1
Cell sky130_fd_sc_hd__o211a_2 (0) disconnected node: A2
Cell sky130_fd_sc_hd__o211a_2 (0) disconnected node: B1
Cell sky130_fd_sc_hd__o211a_2 (0) disconnected node: C1
Cell sky130_fd_sc_hd__o211a_2 (0) disconnected node: VGND
Cell sky130_fd_sc_hd__o211a_2 (0) disconnected node: VNB
Cell sky130_fd_sc_hd__o211a_2 (0) disconnected node: VPB
Cell sky130_fd_sc_hd__o211a_2 (0) disconnected node: VPWR
Cell sky130_fd_sc_hd__o211a_2 (0) disconnected node: X

Subcircuit pins:
Circuit 1: sky130_fd_sc_hd__o211a_2        |Circuit 2: sky130_fd_sc_hd__o211a_2        
-------------------------------------------|-------------------------------------------
A1                                         |A1                                         
A2                                         |A2                                         
B1                                         |B1                                         
C1                                         |C1                                         
VGND                                       |VGND                                       
VNB                                        |VNB                                        
VPB                                        |VPB                                        
VPWR                                       |VPWR                                       
X                                          |X                                          
---------------------------------------------------------------------------------------
Cell pin lists are equivalent.
Device classes sky130_fd_sc_hd__o211a_2 and sky130_fd_sc_hd__o211a_2 are equivalent.

Cell sky130_fd_sc_hd__inv_2 (0) disconnected node: A
Cell sky130_fd_sc_hd__inv_2 (0) disconnected node: VGND
Cell sky130_fd_sc_hd__inv_2 (0) disconnected node: VNB
Cell sky130_fd_sc_hd__inv_2 (0) disconnected node: VPB
Cell sky130_fd_sc_hd__inv_2 (0) disconnected node: VPWR
Cell sky130_fd_sc_hd__inv_2 (0) disconnected node: Y

Subcircuit pins:
Circuit 1: sky130_fd_sc_hd__inv_2          |Circuit 2: sky130_fd_sc_hd__inv_2          
-------------------------------------------|-------------------------------------------
A                                          |A                                          
VGND                                       |VGND                                       
VNB                                        |VNB                                        
VPB                                        |VPB                                        
VPWR                                       |VPWR                                       
Y                                          |Y                                          
---------------------------------------------------------------------------------------
Cell pin lists are equivalent.
Device classes sky130_fd_sc_hd__inv_2 and sky130_fd_sc_hd__inv_2 are equivalent.

Cell sky130_fd_sc_hd__nor2_2 (0) disconnected node: A
Cell sky130_fd_sc_hd__nor2_2 (0) disconnected node: B
Cell sky130_fd_sc_hd__nor2_2 (0) disconnected node: VGND
Cell sky130_fd_sc_hd__nor2_2 (0) disconnected node: VNB
Cell sky130_fd_sc_hd__nor2_2 (0) disconnected node: VPB
Cell sky130_fd_sc_hd__nor2_2 (0) disconnected node: VPWR
Cell sky130_fd_sc_hd__nor2_2 (0) disconnected node: Y

Subcircuit pins:
Circuit 1: sky130_fd_sc_hd__nor2_2         |Circuit 2: sky130_fd_sc_hd__nor2_2         
-------------------------------------------|-------------------------------------------
A                                          |A                                          
B                                          |B                                          
VGND                                       |VGND                                       
VNB                                        |VNB                                        
VPB                                        |VPB                                        
VPWR                                       |VPWR                                       
Y                                          |Y                                          
---------------------------------------------------------------------------------------
Cell pin lists are equivalent.
Device classes sky130_fd_sc_hd__nor2_2 and sky130_fd_sc_hd__nor2_2 are equivalent.

Cell sky130_fd_sc_hd__a22o_2 (0) disconnected node: A1
Cell sky130_fd_sc_hd__a22o_2 (0) disconnected node: A2
Cell sky130_fd_sc_hd__a22o_2 (0) disconnected node: B1
Cell sky130_fd_sc_hd__a22o_2 (0) disconnected node: B2
Cell sky130_fd_sc_hd__a22o_2 (0) disconnected node: VGND
Cell sky130_fd_sc_hd__a22o_2 (0) disconnected node: VNB
Cell sky130_fd_sc_hd__a22o_2 (0) disconnected node: VPB
Cell sky130_fd_sc_hd__a22o_2 (0) disconnected node: VPWR
Cell sky130_fd_sc_hd__a22o_2 (0) disconnected node: X

Subcircuit pins:
Circuit 1: sky130_fd_sc_hd__a22o_2         |Circuit 2: sky130_fd_sc_hd__a22o_2         
-------------------------------------------|-------------------------------------------
A1                                         |A1                                         
A2                                         |A2                                         
B1                                         |B1                                         
B2                                         |B2                                         
VGND                                       |VGND                                       
VNB                                        |VNB                                        
VPB                                        |VPB                                        
VPWR                                       |VPWR                                       
X                                          |X                                          
---------------------------------------------------------------------------------------
Cell pin lists are equivalent.
Device classes sky130_fd_sc_hd__a22o_2 and sky130_fd_sc_hd__a22o_2 are equivalent.

Cell sky130_fd_sc_hd__nand2_2 (0) disconnected node: A
Cell sky130_fd_sc_hd__nand2_2 (0) disconnected node: B
Cell sky130_fd_sc_hd__nand2_2 (0) disconnected node: VGND
Cell sky130_fd_sc_hd__nand2_2 (0) disconnected node: VNB
Cell sky130_fd_sc_hd__nand2_2 (0) disconnected node: VPB
Cell sky130_fd_sc_hd__nand2_2 (0) disconnected node: VPWR
Cell sky130_fd_sc_hd__nand2_2 (0) disconnected node: Y

Subcircuit pins:
Circuit 1: sky130_fd_sc_hd__nand2_2        |Circuit 2: sky130_fd_sc_hd__nand2_2        
-------------------------------------------|-------------------------------------------
A                                          |A                                          
B                                          |B                                          
VGND                                       |VGND                                       
VNB                                        |VNB                                        
VPB                                        |VPB                                        
VPWR                                       |VPWR                                       
Y                                          |Y                                          
---------------------------------------------------------------------------------------
Cell pin lists are equivalent.
Device classes sky130_fd_sc_hd__nand2_2 and sky130_fd_sc_hd__nand2_2 are equivalent.

Cell sky130_fd_sc_hd__and2_2 (0) disconnected node: A
Cell sky130_fd_sc_hd__and2_2 (0) disconnected node: B
Cell sky130_fd_sc_hd__and2_2 (0) disconnected node: VGND
Cell sky130_fd_sc_hd__and2_2 (0) disconnected node: VNB
Cell sky130_fd_sc_hd__and2_2 (0) disconnected node: VPB
Cell sky130_fd_sc_hd__and2_2 (0) disconnected node: VPWR
Cell sky130_fd_sc_hd__and2_2 (0) disconnected node: X

Subcircuit pins:
Circuit 1: sky130_fd_sc_hd__and2_2         |Circuit 2: sky130_fd_sc_hd__and2_2         
-------------------------------------------|-------------------------------------------
A                                          |A                                          
B                                          |B                                          
VGND                                       |VGND                                       
VNB                                        |VNB                                        
VPB                                        |VPB                                        
VPWR                                       |VPWR                                       
X                                          |X                                          
---------------------------------------------------------------------------------------
Cell pin lists are equivalent.
Device classes sky130_fd_sc_hd__and2_2 and sky130_fd_sc_hd__and2_2 are equivalent.

Cell sky130_fd_sc_hd__o22a_2 (0) disconnected node: A1
Cell sky130_fd_sc_hd__o22a_2 (0) disconnected node: A2
Cell sky130_fd_sc_hd__o22a_2 (0) disconnected node: B1
Cell sky130_fd_sc_hd__o22a_2 (0) disconnected node: B2
Cell sky130_fd_sc_hd__o22a_2 (0) disconnected node: VGND
Cell sky130_fd_sc_hd__o22a_2 (0) disconnected node: VNB
Cell sky130_fd_sc_hd__o22a_2 (0) disconnected node: VPB
Cell sky130_fd_sc_hd__o22a_2 (0) disconnected node: VPWR
Cell sky130_fd_sc_hd__o22a_2 (0) disconnected node: X

Subcircuit pins:
Circuit 1: sky130_fd_sc_hd__o22a_2         |Circuit 2: sky130_fd_sc_hd__o22a_2         
-------------------------------------------|-------------------------------------------
A1                                         |A1                                         
A2                                         |A2                                         
B1                                         |B1                                         
B2                                         |B2                                         
VGND                                       |VGND                                       
VNB                                        |VNB                                        
VPB                                        |VPB                                        
VPWR                                       |VPWR                                       
X                                          |X                                          
---------------------------------------------------------------------------------------
Cell pin lists are equivalent.
Device classes sky130_fd_sc_hd__o22a_2 and sky130_fd_sc_hd__o22a_2 are equivalent.

Cell sky130_fd_sc_hd__xor2_2 (0) disconnected node: A
Cell sky130_fd_sc_hd__xor2_2 (0) disconnected node: B
Cell sky130_fd_sc_hd__xor2_2 (0) disconnected node: VGND
Cell sky130_fd_sc_hd__xor2_2 (0) disconnected node: VNB
Cell sky130_fd_sc_hd__xor2_2 (0) disconnected node: VPB
Cell sky130_fd_sc_hd__xor2_2 (0) disconnected node: VPWR
Cell sky130_fd_sc_hd__xor2_2 (0) disconnected node: X

Subcircuit pins:
Circuit 1: sky130_fd_sc_hd__xor2_2         |Circuit 2: sky130_fd_sc_hd__xor2_2         
-------------------------------------------|-------------------------------------------
A                                          |A                                          
B                                          |B                                          
VGND                                       |VGND                                       
VNB                                        |VNB                                        
VPB                                        |VPB                                        
VPWR                                       |VPWR                                       
X                                          |X                                          
---------------------------------------------------------------------------------------
Cell pin lists are equivalent.
Device classes sky130_fd_sc_hd__xor2_2 and sky130_fd_sc_hd__xor2_2 are equivalent.

Cell sky130_fd_sc_hd__a221o_2 (0) disconnected node: A1
Cell sky130_fd_sc_hd__a221o_2 (0) disconnected node: A2
Cell sky130_fd_sc_hd__a221o_2 (0) disconnected node: B1
Cell sky130_fd_sc_hd__a221o_2 (0) disconnected node: B2
Cell sky130_fd_sc_hd__a221o_2 (0) disconnected node: C1
Cell sky130_fd_sc_hd__a221o_2 (0) disconnected node: VGND
Cell sky130_fd_sc_hd__a221o_2 (0) disconnected node: VNB
Cell sky130_fd_sc_hd__a221o_2 (0) disconnected node: VPB
Cell sky130_fd_sc_hd__a221o_2 (0) disconnected node: VPWR
Cell sky130_fd_sc_hd__a221o_2 (0) disconnected node: X

Subcircuit pins:
Circuit 1: sky130_fd_sc_hd__a221o_2        |Circuit 2: sky130_fd_sc_hd__a221o_2        
-------------------------------------------|-------------------------------------------
A1                                         |A1                                         
A2                                         |A2                                         
B1                                         |B1                                         
B2                                         |B2                                         
C1                                         |C1                                         
VGND                                       |VGND                                       
VNB                                        |VNB                                        
VPB                                        |VPB                                        
VPWR                                       |VPWR                                       
X                                          |X                                          
---------------------------------------------------------------------------------------
Cell pin lists are equivalent.
Device classes sky130_fd_sc_hd__a221o_2 and sky130_fd_sc_hd__a221o_2 are equivalent.

Cell sky130_fd_sc_hd__nand2b_2 (0) disconnected node: A_N
Cell sky130_fd_sc_hd__nand2b_2 (0) disconnected node: B
Cell sky130_fd_sc_hd__nand2b_2 (0) disconnected node: VGND
Cell sky130_fd_sc_hd__nand2b_2 (0) disconnected node: VNB
Cell sky130_fd_sc_hd__nand2b_2 (0) disconnected node: VPB
Cell sky130_fd_sc_hd__nand2b_2 (0) disconnected node: VPWR
Cell sky130_fd_sc_hd__nand2b_2 (0) disconnected node: Y

Subcircuit pins:
Circuit 1: sky130_fd_sc_hd__nand2b_2       |Circuit 2: sky130_fd_sc_hd__nand2b_2       
-------------------------------------------|-------------------------------------------
A_N                                        |A_N                                        
B                                          |B                                          
VGND                                       |VGND                                       
VNB                                        |VNB                                        
VPB                                        |VPB                                        
VPWR                                       |VPWR                                       
Y                                          |Y                                          
---------------------------------------------------------------------------------------
Cell pin lists are equivalent.
Device classes sky130_fd_sc_hd__nand2b_2 and sky130_fd_sc_hd__nand2b_2 are equivalent.

Cell sky130_fd_sc_hd__or2_2 (0) disconnected node: A
Cell sky130_fd_sc_hd__or2_2 (0) disconnected node: B
Cell sky130_fd_sc_hd__or2_2 (0) disconnected node: VGND
Cell sky130_fd_sc_hd__or2_2 (0) disconnected node: VNB
Cell sky130_fd_sc_hd__or2_2 (0) disconnected node: VPB
Cell sky130_fd_sc_hd__or2_2 (0) disconnected node: VPWR
Cell sky130_fd_sc_hd__or2_2 (0) disconnected node: X

Subcircuit pins:
Circuit 1: sky130_fd_sc_hd__or2_2          |Circuit 2: sky130_fd_sc_hd__or2_2          
-------------------------------------------|-------------------------------------------
A                                          |A                                          
B                                          |B                                          
VGND                                       |VGND                                       
VNB                                        |VNB                                        
VPB                                        |VPB                                        
VPWR                                       |VPWR                                       
X                                          |X                                          
---------------------------------------------------------------------------------------
Cell pin lists are equivalent.
Device classes sky130_fd_sc_hd__or2_2 and sky130_fd_sc_hd__or2_2 are equivalent.

Cell sky130_fd_sc_hd__o21ai_2 (0) disconnected node: A1
Cell sky130_fd_sc_hd__o21ai_2 (0) disconnected node: A2
Cell sky130_fd_sc_hd__o21ai_2 (0) disconnected node: B1
Cell sky130_fd_sc_hd__o21ai_2 (0) disconnected node: VGND
Cell sky130_fd_sc_hd__o21ai_2 (0) disconnected node: VNB
Cell sky130_fd_sc_hd__o21ai_2 (0) disconnected node: VPB
Cell sky130_fd_sc_hd__o21ai_2 (0) disconnected node: VPWR
Cell sky130_fd_sc_hd__o21ai_2 (0) disconnected node: Y

Subcircuit pins:
Circuit 1: sky130_fd_sc_hd__o21ai_2        |Circuit 2: sky130_fd_sc_hd__o21ai_2        
-------------------------------------------|-------------------------------------------
A1                                         |A1                                         
A2                                         |A2                                         
B1                                         |B1                                         
VGND                                       |VGND                                       
VNB                                        |VNB                                        
VPB                                        |VPB                                        
VPWR                                       |VPWR                                       
Y                                          |Y                                          
---------------------------------------------------------------------------------------
Cell pin lists are equivalent.
Device classes sky130_fd_sc_hd__o21ai_2 and sky130_fd_sc_hd__o21ai_2 are equivalent.

Cell sky130_fd_sc_hd__o22ai_2 (0) disconnected node: A1
Cell sky130_fd_sc_hd__o22ai_2 (0) disconnected node: A2
Cell sky130_fd_sc_hd__o22ai_2 (0) disconnected node: B1
Cell sky130_fd_sc_hd__o22ai_2 (0) disconnected node: B2
Cell sky130_fd_sc_hd__o22ai_2 (0) disconnected node: VGND
Cell sky130_fd_sc_hd__o22ai_2 (0) disconnected node: VNB
Cell sky130_fd_sc_hd__o22ai_2 (0) disconnected node: VPB
Cell sky130_fd_sc_hd__o22ai_2 (0) disconnected node: VPWR
Cell sky130_fd_sc_hd__o22ai_2 (0) disconnected node: Y

Subcircuit pins:
Circuit 1: sky130_fd_sc_hd__o22ai_2        |Circuit 2: sky130_fd_sc_hd__o22ai_2        
-------------------------------------------|-------------------------------------------
A1                                         |A1                                         
A2                                         |A2                                         
B1                                         |B1                                         
B2                                         |B2                                         
VGND                                       |VGND                                       
VNB                                        |VNB                                        
VPB                                        |VPB                                        
VPWR                                       |VPWR                                       
Y                                          |Y                                          
---------------------------------------------------------------------------------------
Cell pin lists are equivalent.
Device classes sky130_fd_sc_hd__o22ai_2 and sky130_fd_sc_hd__o22ai_2 are equivalent.

Cell sky130_fd_sc_hd__xnor2_2 (0) disconnected node: A
Cell sky130_fd_sc_hd__xnor2_2 (0) disconnected node: B
Cell sky130_fd_sc_hd__xnor2_2 (0) disconnected node: VGND
Cell sky130_fd_sc_hd__xnor2_2 (0) disconnected node: VNB
Cell sky130_fd_sc_hd__xnor2_2 (0) disconnected node: VPB
Cell sky130_fd_sc_hd__xnor2_2 (0) disconnected node: VPWR
Cell sky130_fd_sc_hd__xnor2_2 (0) disconnected node: Y

Subcircuit pins:
Circuit 1: sky130_fd_sc_hd__xnor2_2        |Circuit 2: sky130_fd_sc_hd__xnor2_2        
-------------------------------------------|-------------------------------------------
A                                          |A                                          
B                                          |B                                          
VGND                                       |VGND                                       
VNB                                        |VNB                                        
VPB                                        |VPB                                        
VPWR                                       |VPWR                                       
Y                                          |Y                                          
---------------------------------------------------------------------------------------
Cell pin lists are equivalent.
Device classes sky130_fd_sc_hd__xnor2_2 and sky130_fd_sc_hd__xnor2_2 are equivalent.

Cell sky130_fd_sc_hd__dfrtp_2 (0) disconnected node: CLK
Cell sky130_fd_sc_hd__dfrtp_2 (0) disconnected node: D
Cell sky130_fd_sc_hd__dfrtp_2 (0) disconnected node: RESET_B
Cell sky130_fd_sc_hd__dfrtp_2 (0) disconnected node: VGND
Cell sky130_fd_sc_hd__dfrtp_2 (0) disconnected node: VNB
Cell sky130_fd_sc_hd__dfrtp_2 (0) disconnected node: VPB
Cell sky130_fd_sc_hd__dfrtp_2 (0) disconnected node: VPWR
Cell sky130_fd_sc_hd__dfrtp_2 (0) disconnected node: Q

Subcircuit pins:
Circuit 1: sky130_fd_sc_hd__dfrtp_2        |Circuit 2: sky130_fd_sc_hd__dfrtp_2        
-------------------------------------------|-------------------------------------------
CLK                                        |CLK                                        
D                                          |D                                          
RESET_B                                    |RESET_B                                    
VGND                                       |VGND                                       
VNB                                        |VNB                                        
VPB                                        |VPB                                        
VPWR                                       |VPWR                                       
Q                                          |Q                                          
---------------------------------------------------------------------------------------
Cell pin lists are equivalent.
Device classes sky130_fd_sc_hd__dfrtp_2 and sky130_fd_sc_hd__dfrtp_2 are equivalent.

Cell sky130_fd_sc_hd__a21bo_2 (0) disconnected node: A1
Cell sky130_fd_sc_hd__a21bo_2 (0) disconnected node: A2
Cell sky130_fd_sc_hd__a21bo_2 (0) disconnected node: B1_N
Cell sky130_fd_sc_hd__a21bo_2 (0) disconnected node: VGND
Cell sky130_fd_sc_hd__a21bo_2 (0) disconnected node: VNB
Cell sky130_fd_sc_hd__a21bo_2 (0) disconnected node: VPB
Cell sky130_fd_sc_hd__a21bo_2 (0) disconnected node: VPWR
Cell sky130_fd_sc_hd__a21bo_2 (0) disconnected node: X

Subcircuit pins:
Circuit 1: sky130_fd_sc_hd__a21bo_2        |Circuit 2: sky130_fd_sc_hd__a21bo_2        
-------------------------------------------|-------------------------------------------
A1                                         |A1                                         
A2                                         |A2                                         
B1_N                                       |B1_N                                       
VGND                                       |VGND                                       
VNB                                        |VNB                                        
VPB                                        |VPB                                        
VPWR                                       |VPWR                                       
X                                          |X                                          
---------------------------------------------------------------------------------------
Cell pin lists are equivalent.
Device classes sky130_fd_sc_hd__a21bo_2 and sky130_fd_sc_hd__a21bo_2 are equivalent.

Cell sky130_fd_sc_hd__and2b_2 (0) disconnected node: A_N
Cell sky130_fd_sc_hd__and2b_2 (0) disconnected node: B
Cell sky130_fd_sc_hd__and2b_2 (0) disconnected node: VGND
Cell sky130_fd_sc_hd__and2b_2 (0) disconnected node: VNB
Cell sky130_fd_sc_hd__and2b_2 (0) disconnected node: VPB
Cell sky130_fd_sc_hd__and2b_2 (0) disconnected node: VPWR
Cell sky130_fd_sc_hd__and2b_2 (0) disconnected node: X

Subcircuit pins:
Circuit 1: sky130_fd_sc_hd__and2b_2        |Circuit 2: sky130_fd_sc_hd__and2b_2        
-------------------------------------------|-------------------------------------------
A_N                                        |A_N                                        
B                                          |B                                          
VGND                                       |VGND                                       
VNB                                        |VNB                                        
VPB                                        |VPB                                        
VPWR                                       |VPWR                                       
X                                          |X                                          
---------------------------------------------------------------------------------------
Cell pin lists are equivalent.
Device classes sky130_fd_sc_hd__and2b_2 and sky130_fd_sc_hd__and2b_2 are equivalent.

Cell sky130_fd_sc_hd__a31o_2 (0) disconnected node: A1
Cell sky130_fd_sc_hd__a31o_2 (0) disconnected node: A2
Cell sky130_fd_sc_hd__a31o_2 (0) disconnected node: A3
Cell sky130_fd_sc_hd__a31o_2 (0) disconnected node: B1
Cell sky130_fd_sc_hd__a31o_2 (0) disconnected node: VGND
Cell sky130_fd_sc_hd__a31o_2 (0) disconnected node: VNB
Cell sky130_fd_sc_hd__a31o_2 (0) disconnected node: VPB
Cell sky130_fd_sc_hd__a31o_2 (0) disconnected node: VPWR
Cell sky130_fd_sc_hd__a31o_2 (0) disconnected node: X

Subcircuit pins:
Circuit 1: sky130_fd_sc_hd__a31o_2         |Circuit 2: sky130_fd_sc_hd__a31o_2         
-------------------------------------------|-------------------------------------------
A1                                         |A1                                         
A2                                         |A2                                         
A3                                         |A3                                         
B1                                         |B1                                         
VGND                                       |VGND                                       
VNB                                        |VNB                                        
VPB                                        |VPB                                        
VPWR                                       |VPWR                                       
X                                          |X                                          
---------------------------------------------------------------------------------------
Cell pin lists are equivalent.
Device classes sky130_fd_sc_hd__a31o_2 and sky130_fd_sc_hd__a31o_2 are equivalent.

Cell sky130_fd_sc_hd__a21o_2 (0) disconnected node: A1
Cell sky130_fd_sc_hd__a21o_2 (0) disconnected node: A2
Cell sky130_fd_sc_hd__a21o_2 (0) disconnected node: B1
Cell sky130_fd_sc_hd__a21o_2 (0) disconnected node: VGND
Cell sky130_fd_sc_hd__a21o_2 (0) disconnected node: VNB
Cell sky130_fd_sc_hd__a21o_2 (0) disconnected node: VPB
Cell sky130_fd_sc_hd__a21o_2 (0) disconnected node: VPWR
Cell sky130_fd_sc_hd__a21o_2 (0) disconnected node: X

Subcircuit pins:
Circuit 1: sky130_fd_sc_hd__a21o_2         |Circuit 2: sky130_fd_sc_hd__a21o_2         
-------------------------------------------|-------------------------------------------
A1                                         |A1                                         
A2                                         |A2                                         
B1                                         |B1                                         
VGND                                       |VGND                                       
VNB                                        |VNB                                        
VPB                                        |VPB                                        
VPWR                                       |VPWR                                       
X                                          |X                                          
---------------------------------------------------------------------------------------
Cell pin lists are equivalent.
Device classes sky130_fd_sc_hd__a21o_2 and sky130_fd_sc_hd__a21o_2 are equivalent.

Cell sky130_fd_sc_hd__o21a_2 (0) disconnected node: A1
Cell sky130_fd_sc_hd__o21a_2 (0) disconnected node: A2
Cell sky130_fd_sc_hd__o21a_2 (0) disconnected node: B1
Cell sky130_fd_sc_hd__o21a_2 (0) disconnected node: VGND
Cell sky130_fd_sc_hd__o21a_2 (0) disconnected node: VNB
Cell sky130_fd_sc_hd__o21a_2 (0) disconnected node: VPB
Cell sky130_fd_sc_hd__o21a_2 (0) disconnected node: VPWR
Cell sky130_fd_sc_hd__o21a_2 (0) disconnected node: X

Subcircuit pins:
Circuit 1: sky130_fd_sc_hd__o21a_2         |Circuit 2: sky130_fd_sc_hd__o21a_2         
-------------------------------------------|-------------------------------------------
A1                                         |A1                                         
A2                                         |A2                                         
B1                                         |B1                                         
VGND                                       |VGND                                       
VNB                                        |VNB                                        
VPB                                        |VPB                                        
VPWR                                       |VPWR                                       
X                                          |X                                          
---------------------------------------------------------------------------------------
Cell pin lists are equivalent.
Device classes sky130_fd_sc_hd__o21a_2 and sky130_fd_sc_hd__o21a_2 are equivalent.

Cell sky130_fd_sc_hd__or3b_2 (0) disconnected node: A
Cell sky130_fd_sc_hd__or3b_2 (0) disconnected node: B
Cell sky130_fd_sc_hd__or3b_2 (0) disconnected node: C_N
Cell sky130_fd_sc_hd__or3b_2 (0) disconnected node: VGND
Cell sky130_fd_sc_hd__or3b_2 (0) disconnected node: VNB
Cell sky130_fd_sc_hd__or3b_2 (0) disconnected node: VPB
Cell sky130_fd_sc_hd__or3b_2 (0) disconnected node: VPWR
Cell sky130_fd_sc_hd__or3b_2 (0) disconnected node: X

Subcircuit pins:
Circuit 1: sky130_fd_sc_hd__or3b_2         |Circuit 2: sky130_fd_sc_hd__or3b_2         
-------------------------------------------|-------------------------------------------
A                                          |A                                          
B                                          |B                                          
C_N                                        |C_N                                        
VGND                                       |VGND                                       
VNB                                        |VNB                                        
VPB                                        |VPB                                        
VPWR                                       |VPWR                                       
X                                          |X                                          
---------------------------------------------------------------------------------------
Cell pin lists are equivalent.
Device classes sky130_fd_sc_hd__or3b_2 and sky130_fd_sc_hd__or3b_2 are equivalent.

Cell sky130_fd_sc_hd__a32o_2 (0) disconnected node: A1
Cell sky130_fd_sc_hd__a32o_2 (0) disconnected node: A2
Cell sky130_fd_sc_hd__a32o_2 (0) disconnected node: A3
Cell sky130_fd_sc_hd__a32o_2 (0) disconnected node: B1
Cell sky130_fd_sc_hd__a32o_2 (0) disconnected node: B2
Cell sky130_fd_sc_hd__a32o_2 (0) disconnected node: VGND
Cell sky130_fd_sc_hd__a32o_2 (0) disconnected node: VNB
Cell sky130_fd_sc_hd__a32o_2 (0) disconnected node: VPB
Cell sky130_fd_sc_hd__a32o_2 (0) disconnected node: VPWR
Cell sky130_fd_sc_hd__a32o_2 (0) disconnected node: X

Subcircuit pins:
Circuit 1: sky130_fd_sc_hd__a32o_2         |Circuit 2: sky130_fd_sc_hd__a32o_2         
-------------------------------------------|-------------------------------------------
A1                                         |A1                                         
A2                                         |A2                                         
A3                                         |A3                                         
B1                                         |B1                                         
B2                                         |B2                                         
VGND                                       |VGND                                       
VNB                                        |VNB                                        
VPB                                        |VPB                                        
VPWR                                       |VPWR                                       
X                                          |X                                          
---------------------------------------------------------------------------------------
Cell pin lists are equivalent.
Device classes sky130_fd_sc_hd__a32o_2 and sky130_fd_sc_hd__a32o_2 are equivalent.

Cell sky130_fd_sc_hd__clkdlybuf4s25_1 (0) disconnected node: A
Cell sky130_fd_sc_hd__clkdlybuf4s25_1 (0) disconnected node: VGND
Cell sky130_fd_sc_hd__clkdlybuf4s25_1 (0) disconnected node: VNB
Cell sky130_fd_sc_hd__clkdlybuf4s25_1 (0) disconnected node: VPB
Cell sky130_fd_sc_hd__clkdlybuf4s25_1 (0) disconnected node: VPWR
Cell sky130_fd_sc_hd__clkdlybuf4s25_1 (0) disconnected node: X

Subcircuit pins:
Circuit 1: sky130_fd_sc_hd__clkdlybuf4s25_ |Circuit 2: sky130_fd_sc_hd__clkdlybuf4s25_ 
-------------------------------------------|-------------------------------------------
A                                          |A                                          
VGND                                       |VGND                                       
VNB                                        |VNB                                        
VPB                                        |VPB                                        
VPWR                                       |VPWR                                       
X                                          |X                                          
---------------------------------------------------------------------------------------
Cell pin lists are equivalent.
Device classes sky130_fd_sc_hd__clkdlybuf4s25_1 and sky130_fd_sc_hd__clkdlybuf4s25_1 are equivalent.

Cell sky130_fd_sc_hd__nand3_2 (0) disconnected node: A
Cell sky130_fd_sc_hd__nand3_2 (0) disconnected node: B
Cell sky130_fd_sc_hd__nand3_2 (0) disconnected node: C
Cell sky130_fd_sc_hd__nand3_2 (0) disconnected node: VGND
Cell sky130_fd_sc_hd__nand3_2 (0) disconnected node: VNB
Cell sky130_fd_sc_hd__nand3_2 (0) disconnected node: VPB
Cell sky130_fd_sc_hd__nand3_2 (0) disconnected node: VPWR
Cell sky130_fd_sc_hd__nand3_2 (0) disconnected node: Y

Subcircuit pins:
Circuit 1: sky130_fd_sc_hd__nand3_2        |Circuit 2: sky130_fd_sc_hd__nand3_2        
-------------------------------------------|-------------------------------------------
A                                          |A                                          
B                                          |B                                          
C                                          |C                                          
VGND                                       |VGND                                       
VNB                                        |VNB                                        
VPB                                        |VPB                                        
VPWR                                       |VPWR                                       
Y                                          |Y                                          
---------------------------------------------------------------------------------------
Cell pin lists are equivalent.
Device classes sky130_fd_sc_hd__nand3_2 and sky130_fd_sc_hd__nand3_2 are equivalent.

Cell sky130_fd_sc_hd__mux2_1 (0) disconnected node: A0
Cell sky130_fd_sc_hd__mux2_1 (0) disconnected node: A1
Cell sky130_fd_sc_hd__mux2_1 (0) disconnected node: S
Cell sky130_fd_sc_hd__mux2_1 (0) disconnected node: VGND
Cell sky130_fd_sc_hd__mux2_1 (0) disconnected node: VNB
Cell sky130_fd_sc_hd__mux2_1 (0) disconnected node: VPB
Cell sky130_fd_sc_hd__mux2_1 (0) disconnected node: VPWR
Cell sky130_fd_sc_hd__mux2_1 (0) disconnected node: X

Subcircuit pins:
Circuit 1: sky130_fd_sc_hd__mux2_1         |Circuit 2: sky130_fd_sc_hd__mux2_1         
-------------------------------------------|-------------------------------------------
A0                                         |A0                                         
A1                                         |A1                                         
S                                          |S                                          
VGND                                       |VGND                                       
VNB                                        |VNB                                        
VPB                                        |VPB                                        
VPWR                                       |VPWR                                       
X                                          |X                                          
---------------------------------------------------------------------------------------
Cell pin lists are equivalent.
Device classes sky130_fd_sc_hd__mux2_1 and sky130_fd_sc_hd__mux2_1 are equivalent.

Cell sky130_fd_sc_hd__buf_4 (0) disconnected node: A
Cell sky130_fd_sc_hd__buf_4 (0) disconnected node: VGND
Cell sky130_fd_sc_hd__buf_4 (0) disconnected node: VNB
Cell sky130_fd_sc_hd__buf_4 (0) disconnected node: VPB
Cell sky130_fd_sc_hd__buf_4 (0) disconnected node: VPWR
Cell sky130_fd_sc_hd__buf_4 (0) disconnected node: X

Subcircuit pins:
Circuit 1: sky130_fd_sc_hd__buf_4          |Circuit 2: sky130_fd_sc_hd__buf_4          
-------------------------------------------|-------------------------------------------
A                                          |A                                          
VGND                                       |VGND                                       
VNB                                        |VNB                                        
VPB                                        |VPB                                        
VPWR                                       |VPWR                                       
X                                          |X                                          
---------------------------------------------------------------------------------------
Cell pin lists are equivalent.
Device classes sky130_fd_sc_hd__buf_4 and sky130_fd_sc_hd__buf_4 are equivalent.

Cell sky130_fd_sc_hd__buf_2 (0) disconnected node: A
Cell sky130_fd_sc_hd__buf_2 (0) disconnected node: VGND
Cell sky130_fd_sc_hd__buf_2 (0) disconnected node: VNB
Cell sky130_fd_sc_hd__buf_2 (0) disconnected node: VPB
Cell sky130_fd_sc_hd__buf_2 (0) disconnected node: VPWR
Cell sky130_fd_sc_hd__buf_2 (0) disconnected node: X

Subcircuit pins:
Circuit 1: sky130_fd_sc_hd__buf_2          |Circuit 2: sky130_fd_sc_hd__buf_2          
-------------------------------------------|-------------------------------------------
A                                          |A                                          
VGND                                       |VGND                                       
VNB                                        |VNB                                        
VPB                                        |VPB                                        
VPWR                                       |VPWR                                       
X                                          |X                                          
---------------------------------------------------------------------------------------
Cell pin lists are equivalent.
Device classes sky130_fd_sc_hd__buf_2 and sky130_fd_sc_hd__buf_2 are equivalent.

Cell sky130_fd_sc_hd__buf_6 (0) disconnected node: A
Cell sky130_fd_sc_hd__buf_6 (0) disconnected node: VGND
Cell sky130_fd_sc_hd__buf_6 (0) disconnected node: VNB
Cell sky130_fd_sc_hd__buf_6 (0) disconnected node: VPB
Cell sky130_fd_sc_hd__buf_6 (0) disconnected node: VPWR
Cell sky130_fd_sc_hd__buf_6 (0) disconnected node: X

Subcircuit pins:
Circuit 1: sky130_fd_sc_hd__buf_6          |Circuit 2: sky130_fd_sc_hd__buf_6          
-------------------------------------------|-------------------------------------------
A                                          |A                                          
VGND                                       |VGND                                       
VNB                                        |VNB                                        
VPB                                        |VPB                                        
VPWR                                       |VPWR                                       
X                                          |X                                          
---------------------------------------------------------------------------------------
Cell pin lists are equivalent.
Device classes sky130_fd_sc_hd__buf_6 and sky130_fd_sc_hd__buf_6 are equivalent.

Cell sky130_fd_sc_hd__a21oi_2 (0) disconnected node: A1
Cell sky130_fd_sc_hd__a21oi_2 (0) disconnected node: A2
Cell sky130_fd_sc_hd__a21oi_2 (0) disconnected node: B1
Cell sky130_fd_sc_hd__a21oi_2 (0) disconnected node: VGND
Cell sky130_fd_sc_hd__a21oi_2 (0) disconnected node: VNB
Cell sky130_fd_sc_hd__a21oi_2 (0) disconnected node: VPB
Cell sky130_fd_sc_hd__a21oi_2 (0) disconnected node: VPWR
Cell sky130_fd_sc_hd__a21oi_2 (0) disconnected node: Y

Subcircuit pins:
Circuit 1: sky130_fd_sc_hd__a21oi_2        |Circuit 2: sky130_fd_sc_hd__a21oi_2        
-------------------------------------------|-------------------------------------------
A1                                         |A1                                         
A2                                         |A2                                         
B1                                         |B1                                         
VGND                                       |VGND                                       
VNB                                        |VNB                                        
VPB                                        |VPB                                        
VPWR                                       |VPWR                                       
Y                                          |Y                                          
---------------------------------------------------------------------------------------
Cell pin lists are equivalent.
Device classes sky130_fd_sc_hd__a21oi_2 and sky130_fd_sc_hd__a21oi_2 are equivalent.

Cell sky130_fd_sc_hd__o31ai_2 (0) disconnected node: A1
Cell sky130_fd_sc_hd__o31ai_2 (0) disconnected node: A2
Cell sky130_fd_sc_hd__o31ai_2 (0) disconnected node: A3
Cell sky130_fd_sc_hd__o31ai_2 (0) disconnected node: B1
Cell sky130_fd_sc_hd__o31ai_2 (0) disconnected node: VGND
Cell sky130_fd_sc_hd__o31ai_2 (0) disconnected node: VNB
Cell sky130_fd_sc_hd__o31ai_2 (0) disconnected node: VPB
Cell sky130_fd_sc_hd__o31ai_2 (0) disconnected node: VPWR
Cell sky130_fd_sc_hd__o31ai_2 (0) disconnected node: Y

Subcircuit pins:
Circuit 1: sky130_fd_sc_hd__o31ai_2        |Circuit 2: sky130_fd_sc_hd__o31ai_2        
-------------------------------------------|-------------------------------------------
A1                                         |A1                                         
A2                                         |A2                                         
A3                                         |A3                                         
B1                                         |B1                                         
VGND                                       |VGND                                       
VNB                                        |VNB                                        
VPB                                        |VPB                                        
VPWR                                       |VPWR                                       
Y                                          |Y                                          
---------------------------------------------------------------------------------------
Cell pin lists are equivalent.
Device classes sky130_fd_sc_hd__o31ai_2 and sky130_fd_sc_hd__o31ai_2 are equivalent.

Cell sky130_fd_sc_hd__o221a_2 (0) disconnected node: A1
Cell sky130_fd_sc_hd__o221a_2 (0) disconnected node: A2
Cell sky130_fd_sc_hd__o221a_2 (0) disconnected node: B1
Cell sky130_fd_sc_hd__o221a_2 (0) disconnected node: B2
Cell sky130_fd_sc_hd__o221a_2 (0) disconnected node: C1
Cell sky130_fd_sc_hd__o221a_2 (0) disconnected node: VGND
Cell sky130_fd_sc_hd__o221a_2 (0) disconnected node: VNB
Cell sky130_fd_sc_hd__o221a_2 (0) disconnected node: VPB
Cell sky130_fd_sc_hd__o221a_2 (0) disconnected node: VPWR
Cell sky130_fd_sc_hd__o221a_2 (0) disconnected node: X

Subcircuit pins:
Circuit 1: sky130_fd_sc_hd__o221a_2        |Circuit 2: sky130_fd_sc_hd__o221a_2        
-------------------------------------------|-------------------------------------------
A1                                         |A1                                         
A2                                         |A2                                         
B1                                         |B1                                         
B2                                         |B2                                         
C1                                         |C1                                         
VGND                                       |VGND                                       
VNB                                        |VNB                                        
VPB                                        |VPB                                        
VPWR                                       |VPWR                                       
X                                          |X                                          
---------------------------------------------------------------------------------------
Cell pin lists are equivalent.
Device classes sky130_fd_sc_hd__o221a_2 and sky130_fd_sc_hd__o221a_2 are equivalent.

Cell sky130_fd_sc_hd__a2bb2o_2 (0) disconnected node: A1_N
Cell sky130_fd_sc_hd__a2bb2o_2 (0) disconnected node: A2_N
Cell sky130_fd_sc_hd__a2bb2o_2 (0) disconnected node: B1
Cell sky130_fd_sc_hd__a2bb2o_2 (0) disconnected node: B2
Cell sky130_fd_sc_hd__a2bb2o_2 (0) disconnected node: VGND
Cell sky130_fd_sc_hd__a2bb2o_2 (0) disconnected node: VNB
Cell sky130_fd_sc_hd__a2bb2o_2 (0) disconnected node: VPB
Cell sky130_fd_sc_hd__a2bb2o_2 (0) disconnected node: VPWR
Cell sky130_fd_sc_hd__a2bb2o_2 (0) disconnected node: X

Subcircuit pins:
Circuit 1: sky130_fd_sc_hd__a2bb2o_2       |Circuit 2: sky130_fd_sc_hd__a2bb2o_2       
-------------------------------------------|-------------------------------------------
A1_N                                       |A1_N                                       
A2_N                                       |A2_N                                       
B1                                         |B1                                         
B2                                         |B2                                         
VGND                                       |VGND                                       
VNB                                        |VNB                                        
VPB                                        |VPB                                        
VPWR                                       |VPWR                                       
X                                          |X                                          
---------------------------------------------------------------------------------------
Cell pin lists are equivalent.
Device classes sky130_fd_sc_hd__a2bb2o_2 and sky130_fd_sc_hd__a2bb2o_2 are equivalent.

Cell sky130_fd_sc_hd__and4bb_2 (0) disconnected node: A_N
Cell sky130_fd_sc_hd__and4bb_2 (0) disconnected node: B_N
Cell sky130_fd_sc_hd__and4bb_2 (0) disconnected node: C
Cell sky130_fd_sc_hd__and4bb_2 (0) disconnected node: D
Cell sky130_fd_sc_hd__and4bb_2 (0) disconnected node: VGND
Cell sky130_fd_sc_hd__and4bb_2 (0) disconnected node: VNB
Cell sky130_fd_sc_hd__and4bb_2 (0) disconnected node: VPB
Cell sky130_fd_sc_hd__and4bb_2 (0) disconnected node: VPWR
Cell sky130_fd_sc_hd__and4bb_2 (0) disconnected node: X

Subcircuit pins:
Circuit 1: sky130_fd_sc_hd__and4bb_2       |Circuit 2: sky130_fd_sc_hd__and4bb_2       
-------------------------------------------|-------------------------------------------
A_N                                        |A_N                                        
B_N                                        |B_N                                        
C                                          |C                                          
D                                          |D                                          
VGND                                       |VGND                                       
VNB                                        |VNB                                        
VPB                                        |VPB                                        
VPWR                                       |VPWR                                       
X                                          |X                                          
---------------------------------------------------------------------------------------
Cell pin lists are equivalent.
Device classes sky130_fd_sc_hd__and4bb_2 and sky130_fd_sc_hd__and4bb_2 are equivalent.

Cell sky130_fd_sc_hd__a21boi_2 (0) disconnected node: A1
Cell sky130_fd_sc_hd__a21boi_2 (0) disconnected node: A2
Cell sky130_fd_sc_hd__a21boi_2 (0) disconnected node: B1_N
Cell sky130_fd_sc_hd__a21boi_2 (0) disconnected node: VGND
Cell sky130_fd_sc_hd__a21boi_2 (0) disconnected node: VNB
Cell sky130_fd_sc_hd__a21boi_2 (0) disconnected node: VPB
Cell sky130_fd_sc_hd__a21boi_2 (0) disconnected node: VPWR
Cell sky130_fd_sc_hd__a21boi_2 (0) disconnected node: Y

Subcircuit pins:
Circuit 1: sky130_fd_sc_hd__a21boi_2       |Circuit 2: sky130_fd_sc_hd__a21boi_2       
-------------------------------------------|-------------------------------------------
A1                                         |A1                                         
A2                                         |A2                                         
B1_N                                       |B1_N                                       
VGND                                       |VGND                                       
VNB                                        |VNB                                        
VPB                                        |VPB                                        
VPWR                                       |VPWR                                       
Y                                          |Y                                          
---------------------------------------------------------------------------------------
Cell pin lists are equivalent.
Device classes sky130_fd_sc_hd__a21boi_2 and sky130_fd_sc_hd__a21boi_2 are equivalent.

Cell sky130_fd_sc_hd__a211o_2 (0) disconnected node: A1
Cell sky130_fd_sc_hd__a211o_2 (0) disconnected node: A2
Cell sky130_fd_sc_hd__a211o_2 (0) disconnected node: B1
Cell sky130_fd_sc_hd__a211o_2 (0) disconnected node: C1
Cell sky130_fd_sc_hd__a211o_2 (0) disconnected node: VGND
Cell sky130_fd_sc_hd__a211o_2 (0) disconnected node: VNB
Cell sky130_fd_sc_hd__a211o_2 (0) disconnected node: VPB
Cell sky130_fd_sc_hd__a211o_2 (0) disconnected node: VPWR
Cell sky130_fd_sc_hd__a211o_2 (0) disconnected node: X

Subcircuit pins:
Circuit 1: sky130_fd_sc_hd__a211o_2        |Circuit 2: sky130_fd_sc_hd__a211o_2        
-------------------------------------------|-------------------------------------------
A1                                         |A1                                         
A2                                         |A2                                         
B1                                         |B1                                         
C1                                         |C1                                         
VGND                                       |VGND                                       
VNB                                        |VNB                                        
VPB                                        |VPB                                        
VPWR                                       |VPWR                                       
X                                          |X                                          
---------------------------------------------------------------------------------------
Cell pin lists are equivalent.
Device classes sky130_fd_sc_hd__a211o_2 and sky130_fd_sc_hd__a211o_2 are equivalent.

Cell sky130_fd_sc_hd__a311o_2 (0) disconnected node: A1
Cell sky130_fd_sc_hd__a311o_2 (0) disconnected node: A2
Cell sky130_fd_sc_hd__a311o_2 (0) disconnected node: A3
Cell sky130_fd_sc_hd__a311o_2 (0) disconnected node: B1
Cell sky130_fd_sc_hd__a311o_2 (0) disconnected node: C1
Cell sky130_fd_sc_hd__a311o_2 (0) disconnected node: VGND
Cell sky130_fd_sc_hd__a311o_2 (0) disconnected node: VNB
Cell sky130_fd_sc_hd__a311o_2 (0) disconnected node: VPB
Cell sky130_fd_sc_hd__a311o_2 (0) disconnected node: VPWR
Cell sky130_fd_sc_hd__a311o_2 (0) disconnected node: X

Subcircuit pins:
Circuit 1: sky130_fd_sc_hd__a311o_2        |Circuit 2: sky130_fd_sc_hd__a311o_2        
-------------------------------------------|-------------------------------------------
A1                                         |A1                                         
A2                                         |A2                                         
A3                                         |A3                                         
B1                                         |B1                                         
C1                                         |C1                                         
VGND                                       |VGND                                       
VNB                                        |VNB                                        
VPB                                        |VPB                                        
VPWR                                       |VPWR                                       
X                                          |X                                          
---------------------------------------------------------------------------------------
Cell pin lists are equivalent.
Device classes sky130_fd_sc_hd__a311o_2 and sky130_fd_sc_hd__a311o_2 are equivalent.

Cell sky130_fd_sc_hd__a22oi_2 (0) disconnected node: A1
Cell sky130_fd_sc_hd__a22oi_2 (0) disconnected node: A2
Cell sky130_fd_sc_hd__a22oi_2 (0) disconnected node: B1
Cell sky130_fd_sc_hd__a22oi_2 (0) disconnected node: B2
Cell sky130_fd_sc_hd__a22oi_2 (0) disconnected node: VGND
Cell sky130_fd_sc_hd__a22oi_2 (0) disconnected node: VNB
Cell sky130_fd_sc_hd__a22oi_2 (0) disconnected node: VPB
Cell sky130_fd_sc_hd__a22oi_2 (0) disconnected node: VPWR
Cell sky130_fd_sc_hd__a22oi_2 (0) disconnected node: Y

Subcircuit pins:
Circuit 1: sky130_fd_sc_hd__a22oi_2        |Circuit 2: sky130_fd_sc_hd__a22oi_2        
-------------------------------------------|-------------------------------------------
A1                                         |A1                                         
A2                                         |A2                                         
B1                                         |B1                                         
B2                                         |B2                                         
VGND                                       |VGND                                       
VNB                                        |VNB                                        
VPB                                        |VPB                                        
VPWR                                       |VPWR                                       
Y                                          |Y                                          
---------------------------------------------------------------------------------------
Cell pin lists are equivalent.
Device classes sky130_fd_sc_hd__a22oi_2 and sky130_fd_sc_hd__a22oi_2 are equivalent.

Cell sky130_fd_sc_hd__or4_2 (0) disconnected node: A
Cell sky130_fd_sc_hd__or4_2 (0) disconnected node: B
Cell sky130_fd_sc_hd__or4_2 (0) disconnected node: C
Cell sky130_fd_sc_hd__or4_2 (0) disconnected node: D
Cell sky130_fd_sc_hd__or4_2 (0) disconnected node: VGND
Cell sky130_fd_sc_hd__or4_2 (0) disconnected node: VNB
Cell sky130_fd_sc_hd__or4_2 (0) disconnected node: VPB
Cell sky130_fd_sc_hd__or4_2 (0) disconnected node: VPWR
Cell sky130_fd_sc_hd__or4_2 (0) disconnected node: X

Subcircuit pins:
Circuit 1: sky130_fd_sc_hd__or4_2          |Circuit 2: sky130_fd_sc_hd__or4_2          
-------------------------------------------|-------------------------------------------
A                                          |A                                          
B                                          |B                                          
C                                          |C                                          
D                                          |D                                          
VGND                                       |VGND                                       
VNB                                        |VNB                                        
VPB                                        |VPB                                        
VPWR                                       |VPWR                                       
X                                          |X                                          
---------------------------------------------------------------------------------------
Cell pin lists are equivalent.
Device classes sky130_fd_sc_hd__or4_2 and sky130_fd_sc_hd__or4_2 are equivalent.

Cell sky130_fd_sc_hd__a211o_4 (0) disconnected node: A1
Cell sky130_fd_sc_hd__a211o_4 (0) disconnected node: A2
Cell sky130_fd_sc_hd__a211o_4 (0) disconnected node: B1
Cell sky130_fd_sc_hd__a211o_4 (0) disconnected node: C1
Cell sky130_fd_sc_hd__a211o_4 (0) disconnected node: VGND
Cell sky130_fd_sc_hd__a211o_4 (0) disconnected node: VNB
Cell sky130_fd_sc_hd__a211o_4 (0) disconnected node: VPB
Cell sky130_fd_sc_hd__a211o_4 (0) disconnected node: VPWR
Cell sky130_fd_sc_hd__a211o_4 (0) disconnected node: X

Subcircuit pins:
Circuit 1: sky130_fd_sc_hd__a211o_4        |Circuit 2: sky130_fd_sc_hd__a211o_4        
-------------------------------------------|-------------------------------------------
A1                                         |A1                                         
A2                                         |A2                                         
B1                                         |B1                                         
C1                                         |C1                                         
VGND                                       |VGND                                       
VNB                                        |VNB                                        
VPB                                        |VPB                                        
VPWR                                       |VPWR                                       
X                                          |X                                          
---------------------------------------------------------------------------------------
Cell pin lists are equivalent.
Device classes sky130_fd_sc_hd__a211o_4 and sky130_fd_sc_hd__a211o_4 are equivalent.

Cell sky130_fd_sc_hd__xor2_4 (0) disconnected node: A
Cell sky130_fd_sc_hd__xor2_4 (0) disconnected node: B
Cell sky130_fd_sc_hd__xor2_4 (0) disconnected node: VGND
Cell sky130_fd_sc_hd__xor2_4 (0) disconnected node: VNB
Cell sky130_fd_sc_hd__xor2_4 (0) disconnected node: VPB
Cell sky130_fd_sc_hd__xor2_4 (0) disconnected node: VPWR
Cell sky130_fd_sc_hd__xor2_4 (0) disconnected node: X

Subcircuit pins:
Circuit 1: sky130_fd_sc_hd__xor2_4         |Circuit 2: sky130_fd_sc_hd__xor2_4         
-------------------------------------------|-------------------------------------------
A                                          |A                                          
B                                          |B                                          
VGND                                       |VGND                                       
VNB                                        |VNB                                        
VPB                                        |VPB                                        
VPWR                                       |VPWR                                       
X                                          |X                                          
---------------------------------------------------------------------------------------
Cell pin lists are equivalent.
Device classes sky130_fd_sc_hd__xor2_4 and sky130_fd_sc_hd__xor2_4 are equivalent.

Cell sky130_fd_sc_hd__a221oi_2 (0) disconnected node: A1
Cell sky130_fd_sc_hd__a221oi_2 (0) disconnected node: A2
Cell sky130_fd_sc_hd__a221oi_2 (0) disconnected node: B1
Cell sky130_fd_sc_hd__a221oi_2 (0) disconnected node: B2
Cell sky130_fd_sc_hd__a221oi_2 (0) disconnected node: C1
Cell sky130_fd_sc_hd__a221oi_2 (0) disconnected node: VGND
Cell sky130_fd_sc_hd__a221oi_2 (0) disconnected node: VNB
Cell sky130_fd_sc_hd__a221oi_2 (0) disconnected node: VPB
Cell sky130_fd_sc_hd__a221oi_2 (0) disconnected node: VPWR
Cell sky130_fd_sc_hd__a221oi_2 (0) disconnected node: Y

Subcircuit pins:
Circuit 1: sky130_fd_sc_hd__a221oi_2       |Circuit 2: sky130_fd_sc_hd__a221oi_2       
-------------------------------------------|-------------------------------------------
A1                                         |A1                                         
A2                                         |A2                                         
B1                                         |B1                                         
B2                                         |B2                                         
C1                                         |C1                                         
VGND                                       |VGND                                       
VNB                                        |VNB                                        
VPB                                        |VPB                                        
VPWR                                       |VPWR                                       
Y                                          |Y                                          
---------------------------------------------------------------------------------------
Cell pin lists are equivalent.
Device classes sky130_fd_sc_hd__a221oi_2 and sky130_fd_sc_hd__a221oi_2 are equivalent.

Cell sky130_fd_sc_hd__and2_4 (0) disconnected node: A
Cell sky130_fd_sc_hd__and2_4 (0) disconnected node: B
Cell sky130_fd_sc_hd__and2_4 (0) disconnected node: VGND
Cell sky130_fd_sc_hd__and2_4 (0) disconnected node: VNB
Cell sky130_fd_sc_hd__and2_4 (0) disconnected node: VPB
Cell sky130_fd_sc_hd__and2_4 (0) disconnected node: VPWR
Cell sky130_fd_sc_hd__and2_4 (0) disconnected node: X

Subcircuit pins:
Circuit 1: sky130_fd_sc_hd__and2_4         |Circuit 2: sky130_fd_sc_hd__and2_4         
-------------------------------------------|-------------------------------------------
A                                          |A                                          
B                                          |B                                          
VGND                                       |VGND                                       
VNB                                        |VNB                                        
VPB                                        |VPB                                        
VPWR                                       |VPWR                                       
X                                          |X                                          
---------------------------------------------------------------------------------------
Cell pin lists are equivalent.
Device classes sky130_fd_sc_hd__and2_4 and sky130_fd_sc_hd__and2_4 are equivalent.

Cell sky130_fd_sc_hd__dlygate4sd3_1 (0) disconnected node: A
Cell sky130_fd_sc_hd__dlygate4sd3_1 (0) disconnected node: VGND
Cell sky130_fd_sc_hd__dlygate4sd3_1 (0) disconnected node: VNB
Cell sky130_fd_sc_hd__dlygate4sd3_1 (0) disconnected node: VPB
Cell sky130_fd_sc_hd__dlygate4sd3_1 (0) disconnected node: VPWR
Cell sky130_fd_sc_hd__dlygate4sd3_1 (0) disconnected node: X

Subcircuit pins:
Circuit 1: sky130_fd_sc_hd__dlygate4sd3_1  |Circuit 2: sky130_fd_sc_hd__dlygate4sd3_1  
-------------------------------------------|-------------------------------------------
A                                          |A                                          
VGND                                       |VGND                                       
VNB                                        |VNB                                        
VPB                                        |VPB                                        
VPWR                                       |VPWR                                       
X                                          |X                                          
---------------------------------------------------------------------------------------
Cell pin lists are equivalent.
Device classes sky130_fd_sc_hd__dlygate4sd3_1 and sky130_fd_sc_hd__dlygate4sd3_1 are equivalent.

Cell sky130_fd_sc_hd__and4_2 (0) disconnected node: A
Cell sky130_fd_sc_hd__and4_2 (0) disconnected node: B
Cell sky130_fd_sc_hd__and4_2 (0) disconnected node: C
Cell sky130_fd_sc_hd__and4_2 (0) disconnected node: D
Cell sky130_fd_sc_hd__and4_2 (0) disconnected node: VGND
Cell sky130_fd_sc_hd__and4_2 (0) disconnected node: VNB
Cell sky130_fd_sc_hd__and4_2 (0) disconnected node: VPB
Cell sky130_fd_sc_hd__and4_2 (0) disconnected node: VPWR
Cell sky130_fd_sc_hd__and4_2 (0) disconnected node: X

Subcircuit pins:
Circuit 1: sky130_fd_sc_hd__and4_2         |Circuit 2: sky130_fd_sc_hd__and4_2         
-------------------------------------------|-------------------------------------------
A                                          |A                                          
B                                          |B                                          
C                                          |C                                          
D                                          |D                                          
VGND                                       |VGND                                       
VNB                                        |VNB                                        
VPB                                        |VPB                                        
VPWR                                       |VPWR                                       
X                                          |X                                          
---------------------------------------------------------------------------------------
Cell pin lists are equivalent.
Device classes sky130_fd_sc_hd__and4_2 and sky130_fd_sc_hd__and4_2 are equivalent.

Cell sky130_fd_sc_hd__and3_2 (0) disconnected node: A
Cell sky130_fd_sc_hd__and3_2 (0) disconnected node: B
Cell sky130_fd_sc_hd__and3_2 (0) disconnected node: C
Cell sky130_fd_sc_hd__and3_2 (0) disconnected node: VGND
Cell sky130_fd_sc_hd__and3_2 (0) disconnected node: VNB
Cell sky130_fd_sc_hd__and3_2 (0) disconnected node: VPB
Cell sky130_fd_sc_hd__and3_2 (0) disconnected node: VPWR
Cell sky130_fd_sc_hd__and3_2 (0) disconnected node: X

Subcircuit pins:
Circuit 1: sky130_fd_sc_hd__and3_2         |Circuit 2: sky130_fd_sc_hd__and3_2         
-------------------------------------------|-------------------------------------------
A                                          |A                                          
B                                          |B                                          
C                                          |C                                          
VGND                                       |VGND                                       
VNB                                        |VNB                                        
VPB                                        |VPB                                        
VPWR                                       |VPWR                                       
X                                          |X                                          
---------------------------------------------------------------------------------------
Cell pin lists are equivalent.
Device classes sky130_fd_sc_hd__and3_2 and sky130_fd_sc_hd__and3_2 are equivalent.

Cell sky130_fd_sc_hd__o32a_2 (0) disconnected node: A1
Cell sky130_fd_sc_hd__o32a_2 (0) disconnected node: A2
Cell sky130_fd_sc_hd__o32a_2 (0) disconnected node: A3
Cell sky130_fd_sc_hd__o32a_2 (0) disconnected node: B1
Cell sky130_fd_sc_hd__o32a_2 (0) disconnected node: B2
Cell sky130_fd_sc_hd__o32a_2 (0) disconnected node: VGND
Cell sky130_fd_sc_hd__o32a_2 (0) disconnected node: VNB
Cell sky130_fd_sc_hd__o32a_2 (0) disconnected node: VPB
Cell sky130_fd_sc_hd__o32a_2 (0) disconnected node: VPWR
Cell sky130_fd_sc_hd__o32a_2 (0) disconnected node: X

Subcircuit pins:
Circuit 1: sky130_fd_sc_hd__o32a_2         |Circuit 2: sky130_fd_sc_hd__o32a_2         
-------------------------------------------|-------------------------------------------
A1                                         |A1                                         
A2                                         |A2                                         
A3                                         |A3                                         
B1                                         |B1                                         
B2                                         |B2                                         
VGND                                       |VGND                                       
VNB                                        |VNB                                        
VPB                                        |VPB                                        
VPWR                                       |VPWR                                       
X                                          |X                                          
---------------------------------------------------------------------------------------
Cell pin lists are equivalent.
Device classes sky130_fd_sc_hd__o32a_2 and sky130_fd_sc_hd__o32a_2 are equivalent.

Cell sky130_fd_sc_hd__nand4_2 (0) disconnected node: A
Cell sky130_fd_sc_hd__nand4_2 (0) disconnected node: B
Cell sky130_fd_sc_hd__nand4_2 (0) disconnected node: C
Cell sky130_fd_sc_hd__nand4_2 (0) disconnected node: D
Cell sky130_fd_sc_hd__nand4_2 (0) disconnected node: VGND
Cell sky130_fd_sc_hd__nand4_2 (0) disconnected node: VNB
Cell sky130_fd_sc_hd__nand4_2 (0) disconnected node: VPB
Cell sky130_fd_sc_hd__nand4_2 (0) disconnected node: VPWR
Cell sky130_fd_sc_hd__nand4_2 (0) disconnected node: Y

Subcircuit pins:
Circuit 1: sky130_fd_sc_hd__nand4_2        |Circuit 2: sky130_fd_sc_hd__nand4_2        
-------------------------------------------|-------------------------------------------
A                                          |A                                          
B                                          |B                                          
C                                          |C                                          
D                                          |D                                          
VGND                                       |VGND                                       
VNB                                        |VNB                                        
VPB                                        |VPB                                        
VPWR                                       |VPWR                                       
Y                                          |Y                                          
---------------------------------------------------------------------------------------
Cell pin lists are equivalent.
Device classes sky130_fd_sc_hd__nand4_2 and sky130_fd_sc_hd__nand4_2 are equivalent.

Cell sky130_fd_sc_hd__clkbuf_2 (0) disconnected node: A
Cell sky130_fd_sc_hd__clkbuf_2 (0) disconnected node: VGND
Cell sky130_fd_sc_hd__clkbuf_2 (0) disconnected node: VNB
Cell sky130_fd_sc_hd__clkbuf_2 (0) disconnected node: VPB
Cell sky130_fd_sc_hd__clkbuf_2 (0) disconnected node: VPWR
Cell sky130_fd_sc_hd__clkbuf_2 (0) disconnected node: X

Subcircuit pins:
Circuit 1: sky130_fd_sc_hd__clkbuf_2       |Circuit 2: sky130_fd_sc_hd__clkbuf_2       
-------------------------------------------|-------------------------------------------
A                                          |A                                          
VGND                                       |VGND                                       
VNB                                        |VNB                                        
VPB                                        |VPB                                        
VPWR                                       |VPWR                                       
X                                          |X                                          
---------------------------------------------------------------------------------------
Cell pin lists are equivalent.
Device classes sky130_fd_sc_hd__clkbuf_2 and sky130_fd_sc_hd__clkbuf_2 are equivalent.

Cell sky130_fd_sc_hd__a2111o_2 (0) disconnected node: A1
Cell sky130_fd_sc_hd__a2111o_2 (0) disconnected node: A2
Cell sky130_fd_sc_hd__a2111o_2 (0) disconnected node: B1
Cell sky130_fd_sc_hd__a2111o_2 (0) disconnected node: C1
Cell sky130_fd_sc_hd__a2111o_2 (0) disconnected node: D1
Cell sky130_fd_sc_hd__a2111o_2 (0) disconnected node: VGND
Cell sky130_fd_sc_hd__a2111o_2 (0) disconnected node: VNB
Cell sky130_fd_sc_hd__a2111o_2 (0) disconnected node: VPB
Cell sky130_fd_sc_hd__a2111o_2 (0) disconnected node: VPWR
Cell sky130_fd_sc_hd__a2111o_2 (0) disconnected node: X

Subcircuit pins:
Circuit 1: sky130_fd_sc_hd__a2111o_2       |Circuit 2: sky130_fd_sc_hd__a2111o_2       
-------------------------------------------|-------------------------------------------
A1                                         |A1                                         
A2                                         |A2                                         
B1                                         |B1                                         
C1                                         |C1                                         
D1                                         |D1                                         
VGND                                       |VGND                                       
VNB                                        |VNB                                        
VPB                                        |VPB                                        
VPWR                                       |VPWR                                       
X                                          |X                                          
---------------------------------------------------------------------------------------
Cell pin lists are equivalent.
Device classes sky130_fd_sc_hd__a2111o_2 and sky130_fd_sc_hd__a2111o_2 are equivalent.

Cell sky130_fd_sc_hd__dlymetal6s2s_1 (0) disconnected node: A
Cell sky130_fd_sc_hd__dlymetal6s2s_1 (0) disconnected node: VGND
Cell sky130_fd_sc_hd__dlymetal6s2s_1 (0) disconnected node: VNB
Cell sky130_fd_sc_hd__dlymetal6s2s_1 (0) disconnected node: VPB
Cell sky130_fd_sc_hd__dlymetal6s2s_1 (0) disconnected node: VPWR
Cell sky130_fd_sc_hd__dlymetal6s2s_1 (0) disconnected node: X

Subcircuit pins:
Circuit 1: sky130_fd_sc_hd__dlymetal6s2s_1 |Circuit 2: sky130_fd_sc_hd__dlymetal6s2s_1 
-------------------------------------------|-------------------------------------------
A                                          |A                                          
VGND                                       |VGND                                       
VNB                                        |VNB                                        
VPB                                        |VPB                                        
VPWR                                       |VPWR                                       
X                                          |X                                          
---------------------------------------------------------------------------------------
Cell pin lists are equivalent.
Device classes sky130_fd_sc_hd__dlymetal6s2s_1 and sky130_fd_sc_hd__dlymetal6s2s_1 are equivalent.

Cell sky130_fd_sc_hd__clkbuf_4 (0) disconnected node: A
Cell sky130_fd_sc_hd__clkbuf_4 (0) disconnected node: VGND
Cell sky130_fd_sc_hd__clkbuf_4 (0) disconnected node: VNB
Cell sky130_fd_sc_hd__clkbuf_4 (0) disconnected node: VPB
Cell sky130_fd_sc_hd__clkbuf_4 (0) disconnected node: VPWR
Cell sky130_fd_sc_hd__clkbuf_4 (0) disconnected node: X

Subcircuit pins:
Circuit 1: sky130_fd_sc_hd__clkbuf_4       |Circuit 2: sky130_fd_sc_hd__clkbuf_4       
-------------------------------------------|-------------------------------------------
A                                          |A                                          
VGND                                       |VGND                                       
VNB                                        |VNB                                        
VPB                                        |VPB                                        
VPWR                                       |VPWR                                       
X                                          |X                                          
---------------------------------------------------------------------------------------
Cell pin lists are equivalent.
Device classes sky130_fd_sc_hd__clkbuf_4 and sky130_fd_sc_hd__clkbuf_4 are equivalent.

Cell sky130_fd_sc_hd__dlymetal6s4s_1 (0) disconnected node: A
Cell sky130_fd_sc_hd__dlymetal6s4s_1 (0) disconnected node: VGND
Cell sky130_fd_sc_hd__dlymetal6s4s_1 (0) disconnected node: VNB
Cell sky130_fd_sc_hd__dlymetal6s4s_1 (0) disconnected node: VPB
Cell sky130_fd_sc_hd__dlymetal6s4s_1 (0) disconnected node: VPWR
Cell sky130_fd_sc_hd__dlymetal6s4s_1 (0) disconnected node: X

Subcircuit pins:
Circuit 1: sky130_fd_sc_hd__dlymetal6s4s_1 |Circuit 2: sky130_fd_sc_hd__dlymetal6s4s_1 
-------------------------------------------|-------------------------------------------
A                                          |A                                          
VGND                                       |VGND                                       
VNB                                        |VNB                                        
VPB                                        |VPB                                        
VPWR                                       |VPWR                                       
X                                          |X                                          
---------------------------------------------------------------------------------------
Cell pin lists are equivalent.
Device classes sky130_fd_sc_hd__dlymetal6s4s_1 and sky130_fd_sc_hd__dlymetal6s4s_1 are equivalent.

Cell sky130_fd_sc_hd__o31a_2 (0) disconnected node: A1
Cell sky130_fd_sc_hd__o31a_2 (0) disconnected node: A2
Cell sky130_fd_sc_hd__o31a_2 (0) disconnected node: A3
Cell sky130_fd_sc_hd__o31a_2 (0) disconnected node: B1
Cell sky130_fd_sc_hd__o31a_2 (0) disconnected node: VGND
Cell sky130_fd_sc_hd__o31a_2 (0) disconnected node: VNB
Cell sky130_fd_sc_hd__o31a_2 (0) disconnected node: VPB
Cell sky130_fd_sc_hd__o31a_2 (0) disconnected node: VPWR
Cell sky130_fd_sc_hd__o31a_2 (0) disconnected node: X

Subcircuit pins:
Circuit 1: sky130_fd_sc_hd__o31a_2         |Circuit 2: sky130_fd_sc_hd__o31a_2         
-------------------------------------------|-------------------------------------------
A1                                         |A1                                         
A2                                         |A2                                         
A3                                         |A3                                         
B1                                         |B1                                         
VGND                                       |VGND                                       
VNB                                        |VNB                                        
VPB                                        |VPB                                        
VPWR                                       |VPWR                                       
X                                          |X                                          
---------------------------------------------------------------------------------------
Cell pin lists are equivalent.
Device classes sky130_fd_sc_hd__o31a_2 and sky130_fd_sc_hd__o31a_2 are equivalent.

Cell sky130_fd_sc_hd__o211ai_2 (0) disconnected node: A1
Cell sky130_fd_sc_hd__o211ai_2 (0) disconnected node: A2
Cell sky130_fd_sc_hd__o211ai_2 (0) disconnected node: B1
Cell sky130_fd_sc_hd__o211ai_2 (0) disconnected node: C1
Cell sky130_fd_sc_hd__o211ai_2 (0) disconnected node: VGND
Cell sky130_fd_sc_hd__o211ai_2 (0) disconnected node: VNB
Cell sky130_fd_sc_hd__o211ai_2 (0) disconnected node: VPB
Cell sky130_fd_sc_hd__o211ai_2 (0) disconnected node: VPWR
Cell sky130_fd_sc_hd__o211ai_2 (0) disconnected node: Y

Subcircuit pins:
Circuit 1: sky130_fd_sc_hd__o211ai_2       |Circuit 2: sky130_fd_sc_hd__o211ai_2       
-------------------------------------------|-------------------------------------------
A1                                         |A1                                         
A2                                         |A2                                         
B1                                         |B1                                         
C1                                         |C1                                         
VGND                                       |VGND                                       
VNB                                        |VNB                                        
VPB                                        |VPB                                        
VPWR                                       |VPWR                                       
Y                                          |Y                                          
---------------------------------------------------------------------------------------
Cell pin lists are equivalent.
Device classes sky130_fd_sc_hd__o211ai_2 and sky130_fd_sc_hd__o211ai_2 are equivalent.

Cell sky130_fd_sc_hd__a41o_2 (0) disconnected node: A1
Cell sky130_fd_sc_hd__a41o_2 (0) disconnected node: A2
Cell sky130_fd_sc_hd__a41o_2 (0) disconnected node: A3
Cell sky130_fd_sc_hd__a41o_2 (0) disconnected node: A4
Cell sky130_fd_sc_hd__a41o_2 (0) disconnected node: B1
Cell sky130_fd_sc_hd__a41o_2 (0) disconnected node: VGND
Cell sky130_fd_sc_hd__a41o_2 (0) disconnected node: VNB
Cell sky130_fd_sc_hd__a41o_2 (0) disconnected node: VPB
Cell sky130_fd_sc_hd__a41o_2 (0) disconnected node: VPWR
Cell sky130_fd_sc_hd__a41o_2 (0) disconnected node: X

Subcircuit pins:
Circuit 1: sky130_fd_sc_hd__a41o_2         |Circuit 2: sky130_fd_sc_hd__a41o_2         
-------------------------------------------|-------------------------------------------
A1                                         |A1                                         
A2                                         |A2                                         
A3                                         |A3                                         
A4                                         |A4                                         
B1                                         |B1                                         
VGND                                       |VGND                                       
VNB                                        |VNB                                        
VPB                                        |VPB                                        
VPWR                                       |VPWR                                       
X                                          |X                                          
---------------------------------------------------------------------------------------
Cell pin lists are equivalent.
Device classes sky130_fd_sc_hd__a41o_2 and sky130_fd_sc_hd__a41o_2 are equivalent.

Cell sky130_fd_sc_hd__and4b_2 (0) disconnected node: A_N
Cell sky130_fd_sc_hd__and4b_2 (0) disconnected node: B
Cell sky130_fd_sc_hd__and4b_2 (0) disconnected node: C
Cell sky130_fd_sc_hd__and4b_2 (0) disconnected node: D
Cell sky130_fd_sc_hd__and4b_2 (0) disconnected node: VGND
Cell sky130_fd_sc_hd__and4b_2 (0) disconnected node: VNB
Cell sky130_fd_sc_hd__and4b_2 (0) disconnected node: VPB
Cell sky130_fd_sc_hd__and4b_2 (0) disconnected node: VPWR
Cell sky130_fd_sc_hd__and4b_2 (0) disconnected node: X

Subcircuit pins:
Circuit 1: sky130_fd_sc_hd__and4b_2        |Circuit 2: sky130_fd_sc_hd__and4b_2        
-------------------------------------------|-------------------------------------------
A_N                                        |A_N                                        
B                                          |B                                          
C                                          |C                                          
D                                          |D                                          
VGND                                       |VGND                                       
VNB                                        |VNB                                        
VPB                                        |VPB                                        
VPWR                                       |VPWR                                       
X                                          |X                                          
---------------------------------------------------------------------------------------
Cell pin lists are equivalent.
Device classes sky130_fd_sc_hd__and4b_2 and sky130_fd_sc_hd__and4b_2 are equivalent.

Cell sky130_fd_sc_hd__o21ba_2 (0) disconnected node: A1
Cell sky130_fd_sc_hd__o21ba_2 (0) disconnected node: A2
Cell sky130_fd_sc_hd__o21ba_2 (0) disconnected node: B1_N
Cell sky130_fd_sc_hd__o21ba_2 (0) disconnected node: VGND
Cell sky130_fd_sc_hd__o21ba_2 (0) disconnected node: VNB
Cell sky130_fd_sc_hd__o21ba_2 (0) disconnected node: VPB
Cell sky130_fd_sc_hd__o21ba_2 (0) disconnected node: VPWR
Cell sky130_fd_sc_hd__o21ba_2 (0) disconnected node: X

Subcircuit pins:
Circuit 1: sky130_fd_sc_hd__o21ba_2        |Circuit 2: sky130_fd_sc_hd__o21ba_2        
-------------------------------------------|-------------------------------------------
A1                                         |A1                                         
A2                                         |A2                                         
B1_N                                       |B1_N                                       
VGND                                       |VGND                                       
VNB                                        |VNB                                        
VPB                                        |VPB                                        
VPWR                                       |VPWR                                       
X                                          |X                                          
---------------------------------------------------------------------------------------
Cell pin lists are equivalent.
Device classes sky130_fd_sc_hd__o21ba_2 and sky130_fd_sc_hd__o21ba_2 are equivalent.

Cell sky130_fd_sc_hd__or4b_2 (0) disconnected node: A
Cell sky130_fd_sc_hd__or4b_2 (0) disconnected node: B
Cell sky130_fd_sc_hd__or4b_2 (0) disconnected node: C
Cell sky130_fd_sc_hd__or4b_2 (0) disconnected node: D_N
Cell sky130_fd_sc_hd__or4b_2 (0) disconnected node: VGND
Cell sky130_fd_sc_hd__or4b_2 (0) disconnected node: VNB
Cell sky130_fd_sc_hd__or4b_2 (0) disconnected node: VPB
Cell sky130_fd_sc_hd__or4b_2 (0) disconnected node: VPWR
Cell sky130_fd_sc_hd__or4b_2 (0) disconnected node: X

Subcircuit pins:
Circuit 1: sky130_fd_sc_hd__or4b_2         |Circuit 2: sky130_fd_sc_hd__or4b_2         
-------------------------------------------|-------------------------------------------
A                                          |A                                          
B                                          |B                                          
C                                          |C                                          
D_N                                        |D_N                                        
VGND                                       |VGND                                       
VNB                                        |VNB                                        
VPB                                        |VPB                                        
VPWR                                       |VPWR                                       
X                                          |X                                          
---------------------------------------------------------------------------------------
Cell pin lists are equivalent.
Device classes sky130_fd_sc_hd__or4b_2 and sky130_fd_sc_hd__or4b_2 are equivalent.

Cell sky130_fd_sc_hd__nor2_1 (0) disconnected node: A
Cell sky130_fd_sc_hd__nor2_1 (0) disconnected node: B
Cell sky130_fd_sc_hd__nor2_1 (0) disconnected node: VGND
Cell sky130_fd_sc_hd__nor2_1 (0) disconnected node: VNB
Cell sky130_fd_sc_hd__nor2_1 (0) disconnected node: VPB
Cell sky130_fd_sc_hd__nor2_1 (0) disconnected node: VPWR
Cell sky130_fd_sc_hd__nor2_1 (0) disconnected node: Y

Subcircuit pins:
Circuit 1: sky130_fd_sc_hd__nor2_1         |Circuit 2: sky130_fd_sc_hd__nor2_1         
-------------------------------------------|-------------------------------------------
A                                          |A                                          
B                                          |B                                          
VGND                                       |VGND                                       
VNB                                        |VNB                                        
VPB                                        |VPB                                        
VPWR                                       |VPWR                                       
Y                                          |Y                                          
---------------------------------------------------------------------------------------
Cell pin lists are equivalent.
Device classes sky130_fd_sc_hd__nor2_1 and sky130_fd_sc_hd__nor2_1 are equivalent.

Cell sky130_fd_sc_hd__a31oi_4 (0) disconnected node: A1
Cell sky130_fd_sc_hd__a31oi_4 (0) disconnected node: A2
Cell sky130_fd_sc_hd__a31oi_4 (0) disconnected node: A3
Cell sky130_fd_sc_hd__a31oi_4 (0) disconnected node: B1
Cell sky130_fd_sc_hd__a31oi_4 (0) disconnected node: VGND
Cell sky130_fd_sc_hd__a31oi_4 (0) disconnected node: VNB
Cell sky130_fd_sc_hd__a31oi_4 (0) disconnected node: VPB
Cell sky130_fd_sc_hd__a31oi_4 (0) disconnected node: VPWR
Cell sky130_fd_sc_hd__a31oi_4 (0) disconnected node: Y

Subcircuit pins:
Circuit 1: sky130_fd_sc_hd__a31oi_4        |Circuit 2: sky130_fd_sc_hd__a31oi_4        
-------------------------------------------|-------------------------------------------
A1                                         |A1                                         
A2                                         |A2                                         
A3                                         |A3                                         
B1                                         |B1                                         
VGND                                       |VGND                                       
VNB                                        |VNB                                        
VPB                                        |VPB                                        
VPWR                                       |VPWR                                       
Y                                          |Y                                          
---------------------------------------------------------------------------------------
Cell pin lists are equivalent.
Device classes sky130_fd_sc_hd__a31oi_4 and sky130_fd_sc_hd__a31oi_4 are equivalent.

Cell sky130_fd_sc_hd__nor3_2 (0) disconnected node: A
Cell sky130_fd_sc_hd__nor3_2 (0) disconnected node: B
Cell sky130_fd_sc_hd__nor3_2 (0) disconnected node: C
Cell sky130_fd_sc_hd__nor3_2 (0) disconnected node: VGND
Cell sky130_fd_sc_hd__nor3_2 (0) disconnected node: VNB
Cell sky130_fd_sc_hd__nor3_2 (0) disconnected node: VPB
Cell sky130_fd_sc_hd__nor3_2 (0) disconnected node: VPWR
Cell sky130_fd_sc_hd__nor3_2 (0) disconnected node: Y

Subcircuit pins:
Circuit 1: sky130_fd_sc_hd__nor3_2         |Circuit 2: sky130_fd_sc_hd__nor3_2         
-------------------------------------------|-------------------------------------------
A                                          |A                                          
B                                          |B                                          
C                                          |C                                          
VGND                                       |VGND                                       
VNB                                        |VNB                                        
VPB                                        |VPB                                        
VPWR                                       |VPWR                                       
Y                                          |Y                                          
---------------------------------------------------------------------------------------
Cell pin lists are equivalent.
Device classes sky130_fd_sc_hd__nor3_2 and sky130_fd_sc_hd__nor3_2 are equivalent.

Cell sky130_fd_sc_hd__clkbuf_8 (0) disconnected node: A
Cell sky130_fd_sc_hd__clkbuf_8 (0) disconnected node: VGND
Cell sky130_fd_sc_hd__clkbuf_8 (0) disconnected node: VNB
Cell sky130_fd_sc_hd__clkbuf_8 (0) disconnected node: VPB
Cell sky130_fd_sc_hd__clkbuf_8 (0) disconnected node: VPWR
Cell sky130_fd_sc_hd__clkbuf_8 (0) disconnected node: X

Subcircuit pins:
Circuit 1: sky130_fd_sc_hd__clkbuf_8       |Circuit 2: sky130_fd_sc_hd__clkbuf_8       
-------------------------------------------|-------------------------------------------
A                                          |A                                          
VGND                                       |VGND                                       
VNB                                        |VNB                                        
VPB                                        |VPB                                        
VPWR                                       |VPWR                                       
X                                          |X                                          
---------------------------------------------------------------------------------------
Cell pin lists are equivalent.
Device classes sky130_fd_sc_hd__clkbuf_8 and sky130_fd_sc_hd__clkbuf_8 are equivalent.

Cell sky130_fd_sc_hd__a21oi_4 (0) disconnected node: A1
Cell sky130_fd_sc_hd__a21oi_4 (0) disconnected node: A2
Cell sky130_fd_sc_hd__a21oi_4 (0) disconnected node: B1
Cell sky130_fd_sc_hd__a21oi_4 (0) disconnected node: VGND
Cell sky130_fd_sc_hd__a21oi_4 (0) disconnected node: VNB
Cell sky130_fd_sc_hd__a21oi_4 (0) disconnected node: VPB
Cell sky130_fd_sc_hd__a21oi_4 (0) disconnected node: VPWR
Cell sky130_fd_sc_hd__a21oi_4 (0) disconnected node: Y

Subcircuit pins:
Circuit 1: sky130_fd_sc_hd__a21oi_4        |Circuit 2: sky130_fd_sc_hd__a21oi_4        
-------------------------------------------|-------------------------------------------
A1                                         |A1                                         
A2                                         |A2                                         
B1                                         |B1                                         
VGND                                       |VGND                                       
VNB                                        |VNB                                        
VPB                                        |VPB                                        
VPWR                                       |VPWR                                       
Y                                          |Y                                          
---------------------------------------------------------------------------------------
Cell pin lists are equivalent.
Device classes sky130_fd_sc_hd__a21oi_4 and sky130_fd_sc_hd__a21oi_4 are equivalent.

Cell sky130_fd_sc_hd__o21bai_2 (0) disconnected node: A1
Cell sky130_fd_sc_hd__o21bai_2 (0) disconnected node: A2
Cell sky130_fd_sc_hd__o21bai_2 (0) disconnected node: B1_N
Cell sky130_fd_sc_hd__o21bai_2 (0) disconnected node: VGND
Cell sky130_fd_sc_hd__o21bai_2 (0) disconnected node: VNB
Cell sky130_fd_sc_hd__o21bai_2 (0) disconnected node: VPB
Cell sky130_fd_sc_hd__o21bai_2 (0) disconnected node: VPWR
Cell sky130_fd_sc_hd__o21bai_2 (0) disconnected node: Y

Subcircuit pins:
Circuit 1: sky130_fd_sc_hd__o21bai_2       |Circuit 2: sky130_fd_sc_hd__o21bai_2       
-------------------------------------------|-------------------------------------------
A1                                         |A1                                         
A2                                         |A2                                         
B1_N                                       |B1_N                                       
VGND                                       |VGND                                       
VNB                                        |VNB                                        
VPB                                        |VPB                                        
VPWR                                       |VPWR                                       
Y                                          |Y                                          
---------------------------------------------------------------------------------------
Cell pin lists are equivalent.
Device classes sky130_fd_sc_hd__o21bai_2 and sky130_fd_sc_hd__o21bai_2 are equivalent.

Cell sky130_fd_sc_hd__o311ai_2 (0) disconnected node: A1
Cell sky130_fd_sc_hd__o311ai_2 (0) disconnected node: A2
Cell sky130_fd_sc_hd__o311ai_2 (0) disconnected node: A3
Cell sky130_fd_sc_hd__o311ai_2 (0) disconnected node: B1
Cell sky130_fd_sc_hd__o311ai_2 (0) disconnected node: C1
Cell sky130_fd_sc_hd__o311ai_2 (0) disconnected node: VGND
Cell sky130_fd_sc_hd__o311ai_2 (0) disconnected node: VNB
Cell sky130_fd_sc_hd__o311ai_2 (0) disconnected node: VPB
Cell sky130_fd_sc_hd__o311ai_2 (0) disconnected node: VPWR
Cell sky130_fd_sc_hd__o311ai_2 (0) disconnected node: Y

Subcircuit pins:
Circuit 1: sky130_fd_sc_hd__o311ai_2       |Circuit 2: sky130_fd_sc_hd__o311ai_2       
-------------------------------------------|-------------------------------------------
A1                                         |A1                                         
A2                                         |A2                                         
A3                                         |A3                                         
B1                                         |B1                                         
C1                                         |C1                                         
VGND                                       |VGND                                       
VNB                                        |VNB                                        
VPB                                        |VPB                                        
VPWR                                       |VPWR                                       
Y                                          |Y                                          
---------------------------------------------------------------------------------------
Cell pin lists are equivalent.
Device classes sky130_fd_sc_hd__o311ai_2 and sky130_fd_sc_hd__o311ai_2 are equivalent.

Cell sky130_fd_sc_hd__conb_1 (0) disconnected node: VGND
Cell sky130_fd_sc_hd__conb_1 (0) disconnected node: VNB
Cell sky130_fd_sc_hd__conb_1 (0) disconnected node: VPB
Cell sky130_fd_sc_hd__conb_1 (0) disconnected node: VPWR
Cell sky130_fd_sc_hd__conb_1 (0) disconnected node: HI
Cell sky130_fd_sc_hd__conb_1 (0) disconnected node: LO
Cell sky130_fd_sc_hd__conb_1 (1) disconnected node: VNB
Cell sky130_fd_sc_hd__conb_1 (1) disconnected node: VPB

Subcircuit pins:
Circuit 1: sky130_fd_sc_hd__conb_1         |Circuit 2: sky130_fd_sc_hd__conb_1         
-------------------------------------------|-------------------------------------------
VGND                                       |VGND                                       
VNB                                        |VNB                                        
VPB                                        |VPB                                        
VPWR                                       |VPWR                                       
HI                                         |HI                                         
LO                                         |LO                                         
---------------------------------------------------------------------------------------
Cell pin lists are equivalent.
Device classes sky130_fd_sc_hd__conb_1 and sky130_fd_sc_hd__conb_1 are equivalent.

Cell sky130_fd_sc_hd__a2111oi_2 (0) disconnected node: A1
Cell sky130_fd_sc_hd__a2111oi_2 (0) disconnected node: A2
Cell sky130_fd_sc_hd__a2111oi_2 (0) disconnected node: B1
Cell sky130_fd_sc_hd__a2111oi_2 (0) disconnected node: C1
Cell sky130_fd_sc_hd__a2111oi_2 (0) disconnected node: D1
Cell sky130_fd_sc_hd__a2111oi_2 (0) disconnected node: VGND
Cell sky130_fd_sc_hd__a2111oi_2 (0) disconnected node: VNB
Cell sky130_fd_sc_hd__a2111oi_2 (0) disconnected node: VPB
Cell sky130_fd_sc_hd__a2111oi_2 (0) disconnected node: VPWR
Cell sky130_fd_sc_hd__a2111oi_2 (0) disconnected node: Y

Subcircuit pins:
Circuit 1: sky130_fd_sc_hd__a2111oi_2      |Circuit 2: sky130_fd_sc_hd__a2111oi_2      
-------------------------------------------|-------------------------------------------
A1                                         |A1                                         
A2                                         |A2                                         
B1                                         |B1                                         
C1                                         |C1                                         
D1                                         |D1                                         
VGND                                       |VGND                                       
VNB                                        |VNB                                        
VPB                                        |VPB                                        
VPWR                                       |VPWR                                       
Y                                          |Y                                          
---------------------------------------------------------------------------------------
Cell pin lists are equivalent.
Device classes sky130_fd_sc_hd__a2111oi_2 and sky130_fd_sc_hd__a2111oi_2 are equivalent.

Cell sky130_fd_sc_hd__a41oi_2 (0) disconnected node: A1
Cell sky130_fd_sc_hd__a41oi_2 (0) disconnected node: A2
Cell sky130_fd_sc_hd__a41oi_2 (0) disconnected node: A3
Cell sky130_fd_sc_hd__a41oi_2 (0) disconnected node: A4
Cell sky130_fd_sc_hd__a41oi_2 (0) disconnected node: B1
Cell sky130_fd_sc_hd__a41oi_2 (0) disconnected node: VGND
Cell sky130_fd_sc_hd__a41oi_2 (0) disconnected node: VNB
Cell sky130_fd_sc_hd__a41oi_2 (0) disconnected node: VPB
Cell sky130_fd_sc_hd__a41oi_2 (0) disconnected node: VPWR
Cell sky130_fd_sc_hd__a41oi_2 (0) disconnected node: Y

Subcircuit pins:
Circuit 1: sky130_fd_sc_hd__a41oi_2        |Circuit 2: sky130_fd_sc_hd__a41oi_2        
-------------------------------------------|-------------------------------------------
A1                                         |A1                                         
A2                                         |A2                                         
A3                                         |A3                                         
A4                                         |A4                                         
B1                                         |B1                                         
VGND                                       |VGND                                       
VNB                                        |VNB                                        
VPB                                        |VPB                                        
VPWR                                       |VPWR                                       
Y                                          |Y                                          
---------------------------------------------------------------------------------------
Cell pin lists are equivalent.
Device classes sky130_fd_sc_hd__a41oi_2 and sky130_fd_sc_hd__a41oi_2 are equivalent.

Cell sky130_fd_sc_hd__o221ai_2 (0) disconnected node: A1
Cell sky130_fd_sc_hd__o221ai_2 (0) disconnected node: A2
Cell sky130_fd_sc_hd__o221ai_2 (0) disconnected node: B1
Cell sky130_fd_sc_hd__o221ai_2 (0) disconnected node: B2
Cell sky130_fd_sc_hd__o221ai_2 (0) disconnected node: C1
Cell sky130_fd_sc_hd__o221ai_2 (0) disconnected node: VGND
Cell sky130_fd_sc_hd__o221ai_2 (0) disconnected node: VNB
Cell sky130_fd_sc_hd__o221ai_2 (0) disconnected node: VPB
Cell sky130_fd_sc_hd__o221ai_2 (0) disconnected node: VPWR
Cell sky130_fd_sc_hd__o221ai_2 (0) disconnected node: Y

Subcircuit pins:
Circuit 1: sky130_fd_sc_hd__o221ai_2       |Circuit 2: sky130_fd_sc_hd__o221ai_2       
-------------------------------------------|-------------------------------------------
A1                                         |A1                                         
A2                                         |A2                                         
B1                                         |B1                                         
B2                                         |B2                                         
C1                                         |C1                                         
VGND                                       |VGND                                       
VNB                                        |VNB                                        
VPB                                        |VPB                                        
VPWR                                       |VPWR                                       
Y                                          |Y                                          
---------------------------------------------------------------------------------------
Cell pin lists are equivalent.
Device classes sky130_fd_sc_hd__o221ai_2 and sky130_fd_sc_hd__o221ai_2 are equivalent.

Cell sky130_fd_sc_hd__buf_1 (0) disconnected node: A
Cell sky130_fd_sc_hd__buf_1 (0) disconnected node: VGND
Cell sky130_fd_sc_hd__buf_1 (0) disconnected node: VNB
Cell sky130_fd_sc_hd__buf_1 (0) disconnected node: VPB
Cell sky130_fd_sc_hd__buf_1 (0) disconnected node: VPWR
Cell sky130_fd_sc_hd__buf_1 (0) disconnected node: X

Subcircuit pins:
Circuit 1: sky130_fd_sc_hd__buf_1          |Circuit 2: sky130_fd_sc_hd__buf_1          
-------------------------------------------|-------------------------------------------
A                                          |A                                          
VGND                                       |VGND                                       
VNB                                        |VNB                                        
VPB                                        |VPB                                        
VPWR                                       |VPWR                                       
X                                          |X                                          
---------------------------------------------------------------------------------------
Cell pin lists are equivalent.
Device classes sky130_fd_sc_hd__buf_1 and sky130_fd_sc_hd__buf_1 are equivalent.

Cell sky130_fd_sc_hd__o311a_2 (0) disconnected node: A1
Cell sky130_fd_sc_hd__o311a_2 (0) disconnected node: A2
Cell sky130_fd_sc_hd__o311a_2 (0) disconnected node: A3
Cell sky130_fd_sc_hd__o311a_2 (0) disconnected node: B1
Cell sky130_fd_sc_hd__o311a_2 (0) disconnected node: C1
Cell sky130_fd_sc_hd__o311a_2 (0) disconnected node: VGND
Cell sky130_fd_sc_hd__o311a_2 (0) disconnected node: VNB
Cell sky130_fd_sc_hd__o311a_2 (0) disconnected node: VPB
Cell sky130_fd_sc_hd__o311a_2 (0) disconnected node: VPWR
Cell sky130_fd_sc_hd__o311a_2 (0) disconnected node: X

Subcircuit pins:
Circuit 1: sky130_fd_sc_hd__o311a_2        |Circuit 2: sky130_fd_sc_hd__o311a_2        
-------------------------------------------|-------------------------------------------
A1                                         |A1                                         
A2                                         |A2                                         
A3                                         |A3                                         
B1                                         |B1                                         
C1                                         |C1                                         
VGND                                       |VGND                                       
VNB                                        |VNB                                        
VPB                                        |VPB                                        
VPWR                                       |VPWR                                       
X                                          |X                                          
---------------------------------------------------------------------------------------
Cell pin lists are equivalent.
Device classes sky130_fd_sc_hd__o311a_2 and sky130_fd_sc_hd__o311a_2 are equivalent.

Cell sky130_fd_sc_hd__a211oi_2 (0) disconnected node: A1
Cell sky130_fd_sc_hd__a211oi_2 (0) disconnected node: A2
Cell sky130_fd_sc_hd__a211oi_2 (0) disconnected node: B1
Cell sky130_fd_sc_hd__a211oi_2 (0) disconnected node: C1
Cell sky130_fd_sc_hd__a211oi_2 (0) disconnected node: VGND
Cell sky130_fd_sc_hd__a211oi_2 (0) disconnected node: VNB
Cell sky130_fd_sc_hd__a211oi_2 (0) disconnected node: VPB
Cell sky130_fd_sc_hd__a211oi_2 (0) disconnected node: VPWR
Cell sky130_fd_sc_hd__a211oi_2 (0) disconnected node: Y

Subcircuit pins:
Circuit 1: sky130_fd_sc_hd__a211oi_2       |Circuit 2: sky130_fd_sc_hd__a211oi_2       
-------------------------------------------|-------------------------------------------
A1                                         |A1                                         
A2                                         |A2                                         
B1                                         |B1                                         
C1                                         |C1                                         
VGND                                       |VGND                                       
VNB                                        |VNB                                        
VPB                                        |VPB                                        
VPWR                                       |VPWR                                       
Y                                          |Y                                          
---------------------------------------------------------------------------------------
Cell pin lists are equivalent.
Device classes sky130_fd_sc_hd__a211oi_2 and sky130_fd_sc_hd__a211oi_2 are equivalent.

Cell sky130_fd_sc_hd__diode_2 (0) disconnected node: DIODE
Cell sky130_fd_sc_hd__diode_2 (0) disconnected node: VGND
Cell sky130_fd_sc_hd__diode_2 (0) disconnected node: VNB
Cell sky130_fd_sc_hd__diode_2 (0) disconnected node: VPB
Cell sky130_fd_sc_hd__diode_2 (0) disconnected node: VPWR
Cell sky130_fd_sc_hd__diode_2 (1) disconnected node: VGND
Cell sky130_fd_sc_hd__diode_2 (1) disconnected node: VPB
Cell sky130_fd_sc_hd__diode_2 (1) disconnected node: VPWR

Subcircuit pins:
Circuit 1: sky130_fd_sc_hd__diode_2        |Circuit 2: sky130_fd_sc_hd__diode_2        
-------------------------------------------|-------------------------------------------
DIODE                                      |DIODE                                      
VGND                                       |VGND                                       
VNB                                        |VNB                                        
VPB                                        |VPB                                        
VPWR                                       |VPWR                                       
---------------------------------------------------------------------------------------
Cell pin lists are equivalent.
Device classes sky130_fd_sc_hd__diode_2 and sky130_fd_sc_hd__diode_2 are equivalent.

Cell sky130_fd_sc_hd__clkdlybuf4s15_2 (0) disconnected node: A
Cell sky130_fd_sc_hd__clkdlybuf4s15_2 (0) disconnected node: VGND
Cell sky130_fd_sc_hd__clkdlybuf4s15_2 (0) disconnected node: VNB
Cell sky130_fd_sc_hd__clkdlybuf4s15_2 (0) disconnected node: VPB
Cell sky130_fd_sc_hd__clkdlybuf4s15_2 (0) disconnected node: VPWR
Cell sky130_fd_sc_hd__clkdlybuf4s15_2 (0) disconnected node: X

Subcircuit pins:
Circuit 1: sky130_fd_sc_hd__clkdlybuf4s15_ |Circuit 2: sky130_fd_sc_hd__clkdlybuf4s15_ 
-------------------------------------------|-------------------------------------------
A                                          |A                                          
VGND                                       |VGND                                       
VNB                                        |VNB                                        
VPB                                        |VPB                                        
VPWR                                       |VPWR                                       
X                                          |X                                          
---------------------------------------------------------------------------------------
Cell pin lists are equivalent.
Device classes sky130_fd_sc_hd__clkdlybuf4s15_2 and sky130_fd_sc_hd__clkdlybuf4s15_2 are equivalent.

Cell sky130_fd_sc_hd__clkbuf_16 (0) disconnected node: A
Cell sky130_fd_sc_hd__clkbuf_16 (0) disconnected node: VGND
Cell sky130_fd_sc_hd__clkbuf_16 (0) disconnected node: VNB
Cell sky130_fd_sc_hd__clkbuf_16 (0) disconnected node: VPB
Cell sky130_fd_sc_hd__clkbuf_16 (0) disconnected node: VPWR
Cell sky130_fd_sc_hd__clkbuf_16 (0) disconnected node: X

Subcircuit pins:
Circuit 1: sky130_fd_sc_hd__clkbuf_16      |Circuit 2: sky130_fd_sc_hd__clkbuf_16      
-------------------------------------------|-------------------------------------------
A                                          |A                                          
VGND                                       |VGND                                       
VNB                                        |VNB                                        
VPB                                        |VPB                                        
VPWR                                       |VPWR                                       
X                                          |X                                          
---------------------------------------------------------------------------------------
Cell pin lists are equivalent.
Device classes sky130_fd_sc_hd__clkbuf_16 and sky130_fd_sc_hd__clkbuf_16 are equivalent.

Cell sky130_fd_sc_hd__buf_12 (0) disconnected node: A
Cell sky130_fd_sc_hd__buf_12 (0) disconnected node: VGND
Cell sky130_fd_sc_hd__buf_12 (0) disconnected node: VNB
Cell sky130_fd_sc_hd__buf_12 (0) disconnected node: VPB
Cell sky130_fd_sc_hd__buf_12 (0) disconnected node: VPWR
Cell sky130_fd_sc_hd__buf_12 (0) disconnected node: X

Subcircuit pins:
Circuit 1: sky130_fd_sc_hd__buf_12         |Circuit 2: sky130_fd_sc_hd__buf_12         
-------------------------------------------|-------------------------------------------
A                                          |A                                          
VGND                                       |VGND                                       
VNB                                        |VNB                                        
VPB                                        |VPB                                        
VPWR                                       |VPWR                                       
X                                          |X                                          
---------------------------------------------------------------------------------------
Cell pin lists are equivalent.
Device classes sky130_fd_sc_hd__buf_12 and sky130_fd_sc_hd__buf_12 are equivalent.

Cell sky130_fd_sc_hd__a311oi_2 (0) disconnected node: A1
Cell sky130_fd_sc_hd__a311oi_2 (0) disconnected node: A2
Cell sky130_fd_sc_hd__a311oi_2 (0) disconnected node: A3
Cell sky130_fd_sc_hd__a311oi_2 (0) disconnected node: B1
Cell sky130_fd_sc_hd__a311oi_2 (0) disconnected node: C1
Cell sky130_fd_sc_hd__a311oi_2 (0) disconnected node: VGND
Cell sky130_fd_sc_hd__a311oi_2 (0) disconnected node: VNB
Cell sky130_fd_sc_hd__a311oi_2 (0) disconnected node: VPB
Cell sky130_fd_sc_hd__a311oi_2 (0) disconnected node: VPWR
Cell sky130_fd_sc_hd__a311oi_2 (0) disconnected node: Y

Subcircuit pins:
Circuit 1: sky130_fd_sc_hd__a311oi_2       |Circuit 2: sky130_fd_sc_hd__a311oi_2       
-------------------------------------------|-------------------------------------------
A1                                         |A1                                         
A2                                         |A2                                         
A3                                         |A3                                         
B1                                         |B1                                         
C1                                         |C1                                         
VGND                                       |VGND                                       
VNB                                        |VNB                                        
VPB                                        |VPB                                        
VPWR                                       |VPWR                                       
Y                                          |Y                                          
---------------------------------------------------------------------------------------
Cell pin lists are equivalent.
Device classes sky130_fd_sc_hd__a311oi_2 and sky130_fd_sc_hd__a311oi_2 are equivalent.

Cell sky130_fd_sc_hd__xnor2_4 (0) disconnected node: A
Cell sky130_fd_sc_hd__xnor2_4 (0) disconnected node: B
Cell sky130_fd_sc_hd__xnor2_4 (0) disconnected node: VGND
Cell sky130_fd_sc_hd__xnor2_4 (0) disconnected node: VNB
Cell sky130_fd_sc_hd__xnor2_4 (0) disconnected node: VPB
Cell sky130_fd_sc_hd__xnor2_4 (0) disconnected node: VPWR
Cell sky130_fd_sc_hd__xnor2_4 (0) disconnected node: Y

Subcircuit pins:
Circuit 1: sky130_fd_sc_hd__xnor2_4        |Circuit 2: sky130_fd_sc_hd__xnor2_4        
-------------------------------------------|-------------------------------------------
A                                          |A                                          
B                                          |B                                          
VGND                                       |VGND                                       
VNB                                        |VNB                                        
VPB                                        |VPB                                        
VPWR                                       |VPWR                                       
Y                                          |Y                                          
---------------------------------------------------------------------------------------
Cell pin lists are equivalent.
Device classes sky130_fd_sc_hd__xnor2_4 and sky130_fd_sc_hd__xnor2_4 are equivalent.

Cell sky130_fd_sc_hd__or4_4 (0) disconnected node: A
Cell sky130_fd_sc_hd__or4_4 (0) disconnected node: B
Cell sky130_fd_sc_hd__or4_4 (0) disconnected node: C
Cell sky130_fd_sc_hd__or4_4 (0) disconnected node: D
Cell sky130_fd_sc_hd__or4_4 (0) disconnected node: VGND
Cell sky130_fd_sc_hd__or4_4 (0) disconnected node: VNB
Cell sky130_fd_sc_hd__or4_4 (0) disconnected node: VPB
Cell sky130_fd_sc_hd__or4_4 (0) disconnected node: VPWR
Cell sky130_fd_sc_hd__or4_4 (0) disconnected node: X

Subcircuit pins:
Circuit 1: sky130_fd_sc_hd__or4_4          |Circuit 2: sky130_fd_sc_hd__or4_4          
-------------------------------------------|-------------------------------------------
A                                          |A                                          
B                                          |B                                          
C                                          |C                                          
D                                          |D                                          
VGND                                       |VGND                                       
VNB                                        |VNB                                        
VPB                                        |VPB                                        
VPWR                                       |VPWR                                       
X                                          |X                                          
---------------------------------------------------------------------------------------
Cell pin lists are equivalent.
Device classes sky130_fd_sc_hd__or4_4 and sky130_fd_sc_hd__or4_4 are equivalent.

Cell sky130_fd_sc_hd__inv_4 (0) disconnected node: A
Cell sky130_fd_sc_hd__inv_4 (0) disconnected node: VGND
Cell sky130_fd_sc_hd__inv_4 (0) disconnected node: VNB
Cell sky130_fd_sc_hd__inv_4 (0) disconnected node: VPB
Cell sky130_fd_sc_hd__inv_4 (0) disconnected node: VPWR
Cell sky130_fd_sc_hd__inv_4 (0) disconnected node: Y

Subcircuit pins:
Circuit 1: sky130_fd_sc_hd__inv_4          |Circuit 2: sky130_fd_sc_hd__inv_4          
-------------------------------------------|-------------------------------------------
A                                          |A                                          
VGND                                       |VGND                                       
VNB                                        |VNB                                        
VPB                                        |VPB                                        
VPWR                                       |VPWR                                       
Y                                          |Y                                          
---------------------------------------------------------------------------------------
Cell pin lists are equivalent.
Device classes sky130_fd_sc_hd__inv_4 and sky130_fd_sc_hd__inv_4 are equivalent.

Cell sky130_fd_sc_hd__a21o_4 (0) disconnected node: A1
Cell sky130_fd_sc_hd__a21o_4 (0) disconnected node: A2
Cell sky130_fd_sc_hd__a21o_4 (0) disconnected node: B1
Cell sky130_fd_sc_hd__a21o_4 (0) disconnected node: VGND
Cell sky130_fd_sc_hd__a21o_4 (0) disconnected node: VNB
Cell sky130_fd_sc_hd__a21o_4 (0) disconnected node: VPB
Cell sky130_fd_sc_hd__a21o_4 (0) disconnected node: VPWR
Cell sky130_fd_sc_hd__a21o_4 (0) disconnected node: X

Subcircuit pins:
Circuit 1: sky130_fd_sc_hd__a21o_4         |Circuit 2: sky130_fd_sc_hd__a21o_4         
-------------------------------------------|-------------------------------------------
A1                                         |A1                                         
A2                                         |A2                                         
B1                                         |B1                                         
VGND                                       |VGND                                       
VNB                                        |VNB                                        
VPB                                        |VPB                                        
VPWR                                       |VPWR                                       
X                                          |X                                          
---------------------------------------------------------------------------------------
Cell pin lists are equivalent.
Device classes sky130_fd_sc_hd__a21o_4 and sky130_fd_sc_hd__a21o_4 are equivalent.

Cell sky130_fd_sc_hd__o2111a_2 (0) disconnected node: A1
Cell sky130_fd_sc_hd__o2111a_2 (0) disconnected node: A2
Cell sky130_fd_sc_hd__o2111a_2 (0) disconnected node: B1
Cell sky130_fd_sc_hd__o2111a_2 (0) disconnected node: C1
Cell sky130_fd_sc_hd__o2111a_2 (0) disconnected node: D1
Cell sky130_fd_sc_hd__o2111a_2 (0) disconnected node: VGND
Cell sky130_fd_sc_hd__o2111a_2 (0) disconnected node: VNB
Cell sky130_fd_sc_hd__o2111a_2 (0) disconnected node: VPB
Cell sky130_fd_sc_hd__o2111a_2 (0) disconnected node: VPWR
Cell sky130_fd_sc_hd__o2111a_2 (0) disconnected node: X

Subcircuit pins:
Circuit 1: sky130_fd_sc_hd__o2111a_2       |Circuit 2: sky130_fd_sc_hd__o2111a_2       
-------------------------------------------|-------------------------------------------
A1                                         |A1                                         
A2                                         |A2                                         
B1                                         |B1                                         
C1                                         |C1                                         
D1                                         |D1                                         
VGND                                       |VGND                                       
VNB                                        |VNB                                        
VPB                                        |VPB                                        
VPWR                                       |VPWR                                       
X                                          |X                                          
---------------------------------------------------------------------------------------
Cell pin lists are equivalent.
Device classes sky130_fd_sc_hd__o2111a_2 and sky130_fd_sc_hd__o2111a_2 are equivalent.

Cell sky130_fd_sc_hd__o2bb2a_2 (0) disconnected node: A1_N
Cell sky130_fd_sc_hd__o2bb2a_2 (0) disconnected node: A2_N
Cell sky130_fd_sc_hd__o2bb2a_2 (0) disconnected node: B1
Cell sky130_fd_sc_hd__o2bb2a_2 (0) disconnected node: B2
Cell sky130_fd_sc_hd__o2bb2a_2 (0) disconnected node: VGND
Cell sky130_fd_sc_hd__o2bb2a_2 (0) disconnected node: VNB
Cell sky130_fd_sc_hd__o2bb2a_2 (0) disconnected node: VPB
Cell sky130_fd_sc_hd__o2bb2a_2 (0) disconnected node: VPWR
Cell sky130_fd_sc_hd__o2bb2a_2 (0) disconnected node: X

Subcircuit pins:
Circuit 1: sky130_fd_sc_hd__o2bb2a_2       |Circuit 2: sky130_fd_sc_hd__o2bb2a_2       
-------------------------------------------|-------------------------------------------
A1_N                                       |A1_N                                       
A2_N                                       |A2_N                                       
B1                                         |B1                                         
B2                                         |B2                                         
VGND                                       |VGND                                       
VNB                                        |VNB                                        
VPB                                        |VPB                                        
VPWR                                       |VPWR                                       
X                                          |X                                          
---------------------------------------------------------------------------------------
Cell pin lists are equivalent.
Device classes sky130_fd_sc_hd__o2bb2a_2 and sky130_fd_sc_hd__o2bb2a_2 are equivalent.

Cell sky130_fd_sc_hd__mux2_4 (0) disconnected node: A0
Cell sky130_fd_sc_hd__mux2_4 (0) disconnected node: A1
Cell sky130_fd_sc_hd__mux2_4 (0) disconnected node: S
Cell sky130_fd_sc_hd__mux2_4 (0) disconnected node: VGND
Cell sky130_fd_sc_hd__mux2_4 (0) disconnected node: VNB
Cell sky130_fd_sc_hd__mux2_4 (0) disconnected node: VPB
Cell sky130_fd_sc_hd__mux2_4 (0) disconnected node: VPWR
Cell sky130_fd_sc_hd__mux2_4 (0) disconnected node: X

Subcircuit pins:
Circuit 1: sky130_fd_sc_hd__mux2_4         |Circuit 2: sky130_fd_sc_hd__mux2_4         
-------------------------------------------|-------------------------------------------
A0                                         |A0                                         
A1                                         |A1                                         
S                                          |S                                          
VGND                                       |VGND                                       
VNB                                        |VNB                                        
VPB                                        |VPB                                        
VPWR                                       |VPWR                                       
X                                          |X                                          
---------------------------------------------------------------------------------------
Cell pin lists are equivalent.
Device classes sky130_fd_sc_hd__mux2_4 and sky130_fd_sc_hd__mux2_4 are equivalent.

Cell sky130_fd_sc_hd__mux4_2 (0) disconnected node: A0
Cell sky130_fd_sc_hd__mux4_2 (0) disconnected node: A1
Cell sky130_fd_sc_hd__mux4_2 (0) disconnected node: A2
Cell sky130_fd_sc_hd__mux4_2 (0) disconnected node: A3
Cell sky130_fd_sc_hd__mux4_2 (0) disconnected node: S0
Cell sky130_fd_sc_hd__mux4_2 (0) disconnected node: S1
Cell sky130_fd_sc_hd__mux4_2 (0) disconnected node: VGND
Cell sky130_fd_sc_hd__mux4_2 (0) disconnected node: VNB
Cell sky130_fd_sc_hd__mux4_2 (0) disconnected node: VPB
Cell sky130_fd_sc_hd__mux4_2 (0) disconnected node: VPWR
Cell sky130_fd_sc_hd__mux4_2 (0) disconnected node: X

Subcircuit pins:
Circuit 1: sky130_fd_sc_hd__mux4_2         |Circuit 2: sky130_fd_sc_hd__mux4_2         
-------------------------------------------|-------------------------------------------
A0                                         |A0                                         
A1                                         |A1                                         
A2                                         |A2                                         
A3                                         |A3                                         
S0                                         |S0                                         
S1                                         |S1                                         
VGND                                       |VGND                                       
VNB                                        |VNB                                        
VPB                                        |VPB                                        
VPWR                                       |VPWR                                       
X                                          |X                                          
---------------------------------------------------------------------------------------
Cell pin lists are equivalent.
Device classes sky130_fd_sc_hd__mux4_2 and sky130_fd_sc_hd__mux4_2 are equivalent.

Cell sky130_fd_sc_hd__o2111ai_4 (0) disconnected node: A1
Cell sky130_fd_sc_hd__o2111ai_4 (0) disconnected node: A2
Cell sky130_fd_sc_hd__o2111ai_4 (0) disconnected node: B1
Cell sky130_fd_sc_hd__o2111ai_4 (0) disconnected node: C1
Cell sky130_fd_sc_hd__o2111ai_4 (0) disconnected node: D1
Cell sky130_fd_sc_hd__o2111ai_4 (0) disconnected node: VGND
Cell sky130_fd_sc_hd__o2111ai_4 (0) disconnected node: VNB
Cell sky130_fd_sc_hd__o2111ai_4 (0) disconnected node: VPB
Cell sky130_fd_sc_hd__o2111ai_4 (0) disconnected node: VPWR
Cell sky130_fd_sc_hd__o2111ai_4 (0) disconnected node: Y

Subcircuit pins:
Circuit 1: sky130_fd_sc_hd__o2111ai_4      |Circuit 2: sky130_fd_sc_hd__o2111ai_4      
-------------------------------------------|-------------------------------------------
A1                                         |A1                                         
A2                                         |A2                                         
B1                                         |B1                                         
C1                                         |C1                                         
D1                                         |D1                                         
VGND                                       |VGND                                       
VNB                                        |VNB                                        
VPB                                        |VPB                                        
VPWR                                       |VPWR                                       
Y                                          |Y                                          
---------------------------------------------------------------------------------------
Cell pin lists are equivalent.
Device classes sky130_fd_sc_hd__o2111ai_4 and sky130_fd_sc_hd__o2111ai_4 are equivalent.

Cell sky130_fd_sc_hd__o31a_4 (0) disconnected node: A1
Cell sky130_fd_sc_hd__o31a_4 (0) disconnected node: A2
Cell sky130_fd_sc_hd__o31a_4 (0) disconnected node: A3
Cell sky130_fd_sc_hd__o31a_4 (0) disconnected node: B1
Cell sky130_fd_sc_hd__o31a_4 (0) disconnected node: VGND
Cell sky130_fd_sc_hd__o31a_4 (0) disconnected node: VNB
Cell sky130_fd_sc_hd__o31a_4 (0) disconnected node: VPB
Cell sky130_fd_sc_hd__o31a_4 (0) disconnected node: VPWR
Cell sky130_fd_sc_hd__o31a_4 (0) disconnected node: X

Subcircuit pins:
Circuit 1: sky130_fd_sc_hd__o31a_4         |Circuit 2: sky130_fd_sc_hd__o31a_4         
-------------------------------------------|-------------------------------------------
A1                                         |A1                                         
A2                                         |A2                                         
A3                                         |A3                                         
B1                                         |B1                                         
VGND                                       |VGND                                       
VNB                                        |VNB                                        
VPB                                        |VPB                                        
VPWR                                       |VPWR                                       
X                                          |X                                          
---------------------------------------------------------------------------------------
Cell pin lists are equivalent.
Device classes sky130_fd_sc_hd__o31a_4 and sky130_fd_sc_hd__o31a_4 are equivalent.

Cell sky130_fd_sc_hd__o32ai_2 (0) disconnected node: A1
Cell sky130_fd_sc_hd__o32ai_2 (0) disconnected node: A2
Cell sky130_fd_sc_hd__o32ai_2 (0) disconnected node: A3
Cell sky130_fd_sc_hd__o32ai_2 (0) disconnected node: B1
Cell sky130_fd_sc_hd__o32ai_2 (0) disconnected node: B2
Cell sky130_fd_sc_hd__o32ai_2 (0) disconnected node: VGND
Cell sky130_fd_sc_hd__o32ai_2 (0) disconnected node: VNB
Cell sky130_fd_sc_hd__o32ai_2 (0) disconnected node: VPB
Cell sky130_fd_sc_hd__o32ai_2 (0) disconnected node: VPWR
Cell sky130_fd_sc_hd__o32ai_2 (0) disconnected node: Y

Subcircuit pins:
Circuit 1: sky130_fd_sc_hd__o32ai_2        |Circuit 2: sky130_fd_sc_hd__o32ai_2        
-------------------------------------------|-------------------------------------------
A1                                         |A1                                         
A2                                         |A2                                         
A3                                         |A3                                         
B1                                         |B1                                         
B2                                         |B2                                         
VGND                                       |VGND                                       
VNB                                        |VNB                                        
VPB                                        |VPB                                        
VPWR                                       |VPWR                                       
Y                                          |Y                                          
---------------------------------------------------------------------------------------
Cell pin lists are equivalent.
Device classes sky130_fd_sc_hd__o32ai_2 and sky130_fd_sc_hd__o32ai_2 are equivalent.

Cell sky130_fd_sc_hd__a32oi_2 (0) disconnected node: A1
Cell sky130_fd_sc_hd__a32oi_2 (0) disconnected node: A2
Cell sky130_fd_sc_hd__a32oi_2 (0) disconnected node: A3
Cell sky130_fd_sc_hd__a32oi_2 (0) disconnected node: B1
Cell sky130_fd_sc_hd__a32oi_2 (0) disconnected node: B2
Cell sky130_fd_sc_hd__a32oi_2 (0) disconnected node: VGND
Cell sky130_fd_sc_hd__a32oi_2 (0) disconnected node: VNB
Cell sky130_fd_sc_hd__a32oi_2 (0) disconnected node: VPB
Cell sky130_fd_sc_hd__a32oi_2 (0) disconnected node: VPWR
Cell sky130_fd_sc_hd__a32oi_2 (0) disconnected node: Y

Subcircuit pins:
Circuit 1: sky130_fd_sc_hd__a32oi_2        |Circuit 2: sky130_fd_sc_hd__a32oi_2        
-------------------------------------------|-------------------------------------------
A1                                         |A1                                         
A2                                         |A2                                         
A3                                         |A3                                         
B1                                         |B1                                         
B2                                         |B2                                         
VGND                                       |VGND                                       
VNB                                        |VNB                                        
VPB                                        |VPB                                        
VPWR                                       |VPWR                                       
Y                                          |Y                                          
---------------------------------------------------------------------------------------
Cell pin lists are equivalent.
Device classes sky130_fd_sc_hd__a32oi_2 and sky130_fd_sc_hd__a32oi_2 are equivalent.

Cell sky130_fd_sc_hd__a311oi_1 (0) disconnected node: A1
Cell sky130_fd_sc_hd__a311oi_1 (0) disconnected node: A2
Cell sky130_fd_sc_hd__a311oi_1 (0) disconnected node: A3
Cell sky130_fd_sc_hd__a311oi_1 (0) disconnected node: B1
Cell sky130_fd_sc_hd__a311oi_1 (0) disconnected node: C1
Cell sky130_fd_sc_hd__a311oi_1 (0) disconnected node: VGND
Cell sky130_fd_sc_hd__a311oi_1 (0) disconnected node: VNB
Cell sky130_fd_sc_hd__a311oi_1 (0) disconnected node: VPB
Cell sky130_fd_sc_hd__a311oi_1 (0) disconnected node: VPWR
Cell sky130_fd_sc_hd__a311oi_1 (0) disconnected node: Y

Subcircuit pins:
Circuit 1: sky130_fd_sc_hd__a311oi_1       |Circuit 2: sky130_fd_sc_hd__a311oi_1       
-------------------------------------------|-------------------------------------------
A1                                         |A1                                         
A2                                         |A2                                         
A3                                         |A3                                         
B1                                         |B1                                         
C1                                         |C1                                         
VGND                                       |VGND                                       
VNB                                        |VNB                                        
VPB                                        |VPB                                        
VPWR                                       |VPWR                                       
Y                                          |Y                                          
---------------------------------------------------------------------------------------
Cell pin lists are equivalent.
Device classes sky130_fd_sc_hd__a311oi_1 and sky130_fd_sc_hd__a311oi_1 are equivalent.

Cell sky130_fd_sc_hd__nor2_4 (0) disconnected node: A
Cell sky130_fd_sc_hd__nor2_4 (0) disconnected node: B
Cell sky130_fd_sc_hd__nor2_4 (0) disconnected node: VGND
Cell sky130_fd_sc_hd__nor2_4 (0) disconnected node: VNB
Cell sky130_fd_sc_hd__nor2_4 (0) disconnected node: VPB
Cell sky130_fd_sc_hd__nor2_4 (0) disconnected node: VPWR
Cell sky130_fd_sc_hd__nor2_4 (0) disconnected node: Y

Subcircuit pins:
Circuit 1: sky130_fd_sc_hd__nor2_4         |Circuit 2: sky130_fd_sc_hd__nor2_4         
-------------------------------------------|-------------------------------------------
A                                          |A                                          
B                                          |B                                          
VGND                                       |VGND                                       
VNB                                        |VNB                                        
VPB                                        |VPB                                        
VPWR                                       |VPWR                                       
Y                                          |Y                                          
---------------------------------------------------------------------------------------
Cell pin lists are equivalent.
Device classes sky130_fd_sc_hd__nor2_4 and sky130_fd_sc_hd__nor2_4 are equivalent.

Cell sky130_fd_sc_hd__nor3b_2 (0) disconnected node: A
Cell sky130_fd_sc_hd__nor3b_2 (0) disconnected node: B
Cell sky130_fd_sc_hd__nor3b_2 (0) disconnected node: C_N
Cell sky130_fd_sc_hd__nor3b_2 (0) disconnected node: VGND
Cell sky130_fd_sc_hd__nor3b_2 (0) disconnected node: VNB
Cell sky130_fd_sc_hd__nor3b_2 (0) disconnected node: VPB
Cell sky130_fd_sc_hd__nor3b_2 (0) disconnected node: VPWR
Cell sky130_fd_sc_hd__nor3b_2 (0) disconnected node: Y

Subcircuit pins:
Circuit 1: sky130_fd_sc_hd__nor3b_2        |Circuit 2: sky130_fd_sc_hd__nor3b_2        
-------------------------------------------|-------------------------------------------
A                                          |A                                          
B                                          |B                                          
C_N                                        |C_N                                        
VGND                                       |VGND                                       
VNB                                        |VNB                                        
VPB                                        |VPB                                        
VPWR                                       |VPWR                                       
Y                                          |Y                                          
---------------------------------------------------------------------------------------
Cell pin lists are equivalent.
Device classes sky130_fd_sc_hd__nor3b_2 and sky130_fd_sc_hd__nor3b_2 are equivalent.

Cell sky130_fd_sc_hd__a31oi_2 (0) disconnected node: A1
Cell sky130_fd_sc_hd__a31oi_2 (0) disconnected node: A2
Cell sky130_fd_sc_hd__a31oi_2 (0) disconnected node: A3
Cell sky130_fd_sc_hd__a31oi_2 (0) disconnected node: B1
Cell sky130_fd_sc_hd__a31oi_2 (0) disconnected node: VGND
Cell sky130_fd_sc_hd__a31oi_2 (0) disconnected node: VNB
Cell sky130_fd_sc_hd__a31oi_2 (0) disconnected node: VPB
Cell sky130_fd_sc_hd__a31oi_2 (0) disconnected node: VPWR
Cell sky130_fd_sc_hd__a31oi_2 (0) disconnected node: Y

Subcircuit pins:
Circuit 1: sky130_fd_sc_hd__a31oi_2        |Circuit 2: sky130_fd_sc_hd__a31oi_2        
-------------------------------------------|-------------------------------------------
A1                                         |A1                                         
A2                                         |A2                                         
A3                                         |A3                                         
B1                                         |B1                                         
VGND                                       |VGND                                       
VNB                                        |VNB                                        
VPB                                        |VPB                                        
VPWR                                       |VPWR                                       
Y                                          |Y                                          
---------------------------------------------------------------------------------------
Cell pin lists are equivalent.
Device classes sky130_fd_sc_hd__a31oi_2 and sky130_fd_sc_hd__a31oi_2 are equivalent.

Cell sky130_fd_sc_hd__nand3b_2 (0) disconnected node: A_N
Cell sky130_fd_sc_hd__nand3b_2 (0) disconnected node: B
Cell sky130_fd_sc_hd__nand3b_2 (0) disconnected node: C
Cell sky130_fd_sc_hd__nand3b_2 (0) disconnected node: VGND
Cell sky130_fd_sc_hd__nand3b_2 (0) disconnected node: VNB
Cell sky130_fd_sc_hd__nand3b_2 (0) disconnected node: VPB
Cell sky130_fd_sc_hd__nand3b_2 (0) disconnected node: VPWR
Cell sky130_fd_sc_hd__nand3b_2 (0) disconnected node: Y

Subcircuit pins:
Circuit 1: sky130_fd_sc_hd__nand3b_2       |Circuit 2: sky130_fd_sc_hd__nand3b_2       
-------------------------------------------|-------------------------------------------
A_N                                        |A_N                                        
B                                          |B                                          
C                                          |C                                          
VGND                                       |VGND                                       
VNB                                        |VNB                                        
VPB                                        |VPB                                        
VPWR                                       |VPWR                                       
Y                                          |Y                                          
---------------------------------------------------------------------------------------
Cell pin lists are equivalent.
Device classes sky130_fd_sc_hd__nand3b_2 and sky130_fd_sc_hd__nand3b_2 are equivalent.

Cell sky130_fd_sc_hd__or4bb_4 (0) disconnected node: A
Cell sky130_fd_sc_hd__or4bb_4 (0) disconnected node: B
Cell sky130_fd_sc_hd__or4bb_4 (0) disconnected node: C_N
Cell sky130_fd_sc_hd__or4bb_4 (0) disconnected node: D_N
Cell sky130_fd_sc_hd__or4bb_4 (0) disconnected node: VGND
Cell sky130_fd_sc_hd__or4bb_4 (0) disconnected node: VNB
Cell sky130_fd_sc_hd__or4bb_4 (0) disconnected node: VPB
Cell sky130_fd_sc_hd__or4bb_4 (0) disconnected node: VPWR
Cell sky130_fd_sc_hd__or4bb_4 (0) disconnected node: X

Subcircuit pins:
Circuit 1: sky130_fd_sc_hd__or4bb_4        |Circuit 2: sky130_fd_sc_hd__or4bb_4        
-------------------------------------------|-------------------------------------------
A                                          |A                                          
B                                          |B                                          
C_N                                        |C_N                                        
D_N                                        |D_N                                        
VGND                                       |VGND                                       
VNB                                        |VNB                                        
VPB                                        |VPB                                        
VPWR                                       |VPWR                                       
X                                          |X                                          
---------------------------------------------------------------------------------------
Cell pin lists are equivalent.
Device classes sky130_fd_sc_hd__or4bb_4 and sky130_fd_sc_hd__or4bb_4 are equivalent.

Cell sky130_fd_sc_hd__o21a_4 (0) disconnected node: A1
Cell sky130_fd_sc_hd__o21a_4 (0) disconnected node: A2
Cell sky130_fd_sc_hd__o21a_4 (0) disconnected node: B1
Cell sky130_fd_sc_hd__o21a_4 (0) disconnected node: VGND
Cell sky130_fd_sc_hd__o21a_4 (0) disconnected node: VNB
Cell sky130_fd_sc_hd__o21a_4 (0) disconnected node: VPB
Cell sky130_fd_sc_hd__o21a_4 (0) disconnected node: VPWR
Cell sky130_fd_sc_hd__o21a_4 (0) disconnected node: X

Subcircuit pins:
Circuit 1: sky130_fd_sc_hd__o21a_4         |Circuit 2: sky130_fd_sc_hd__o21a_4         
-------------------------------------------|-------------------------------------------
A1                                         |A1                                         
A2                                         |A2                                         
B1                                         |B1                                         
VGND                                       |VGND                                       
VNB                                        |VNB                                        
VPB                                        |VPB                                        
VPWR                                       |VPWR                                       
X                                          |X                                          
---------------------------------------------------------------------------------------
Cell pin lists are equivalent.
Device classes sky130_fd_sc_hd__o21a_4 and sky130_fd_sc_hd__o21a_4 are equivalent.

Cell sky130_fd_sc_hd__or2_4 (0) disconnected node: A
Cell sky130_fd_sc_hd__or2_4 (0) disconnected node: B
Cell sky130_fd_sc_hd__or2_4 (0) disconnected node: VGND
Cell sky130_fd_sc_hd__or2_4 (0) disconnected node: VNB
Cell sky130_fd_sc_hd__or2_4 (0) disconnected node: VPB
Cell sky130_fd_sc_hd__or2_4 (0) disconnected node: VPWR
Cell sky130_fd_sc_hd__or2_4 (0) disconnected node: X

Subcircuit pins:
Circuit 1: sky130_fd_sc_hd__or2_4          |Circuit 2: sky130_fd_sc_hd__or2_4          
-------------------------------------------|-------------------------------------------
A                                          |A                                          
B                                          |B                                          
VGND                                       |VGND                                       
VNB                                        |VNB                                        
VPB                                        |VPB                                        
VPWR                                       |VPWR                                       
X                                          |X                                          
---------------------------------------------------------------------------------------
Cell pin lists are equivalent.
Device classes sky130_fd_sc_hd__or2_4 and sky130_fd_sc_hd__or2_4 are equivalent.

Cell sky130_fd_sc_hd__clkinv_2 (0) disconnected node: A
Cell sky130_fd_sc_hd__clkinv_2 (0) disconnected node: VGND
Cell sky130_fd_sc_hd__clkinv_2 (0) disconnected node: VNB
Cell sky130_fd_sc_hd__clkinv_2 (0) disconnected node: VPB
Cell sky130_fd_sc_hd__clkinv_2 (0) disconnected node: VPWR
Cell sky130_fd_sc_hd__clkinv_2 (0) disconnected node: Y

Subcircuit pins:
Circuit 1: sky130_fd_sc_hd__clkinv_2       |Circuit 2: sky130_fd_sc_hd__clkinv_2       
-------------------------------------------|-------------------------------------------
A                                          |A                                          
VGND                                       |VGND                                       
VNB                                        |VNB                                        
VPB                                        |VPB                                        
VPWR                                       |VPWR                                       
Y                                          |Y                                          
---------------------------------------------------------------------------------------
Cell pin lists are equivalent.
Device classes sky130_fd_sc_hd__clkinv_2 and sky130_fd_sc_hd__clkinv_2 are equivalent.

Cell sky130_fd_sc_hd__clkinv_4 (0) disconnected node: A
Cell sky130_fd_sc_hd__clkinv_4 (0) disconnected node: VGND
Cell sky130_fd_sc_hd__clkinv_4 (0) disconnected node: VNB
Cell sky130_fd_sc_hd__clkinv_4 (0) disconnected node: VPB
Cell sky130_fd_sc_hd__clkinv_4 (0) disconnected node: VPWR
Cell sky130_fd_sc_hd__clkinv_4 (0) disconnected node: Y

Subcircuit pins:
Circuit 1: sky130_fd_sc_hd__clkinv_4       |Circuit 2: sky130_fd_sc_hd__clkinv_4       
-------------------------------------------|-------------------------------------------
A                                          |A                                          
VGND                                       |VGND                                       
VNB                                        |VNB                                        
VPB                                        |VPB                                        
VPWR                                       |VPWR                                       
Y                                          |Y                                          
---------------------------------------------------------------------------------------
Cell pin lists are equivalent.
Device classes sky130_fd_sc_hd__clkinv_4 and sky130_fd_sc_hd__clkinv_4 are equivalent.

Cell sky130_fd_sc_hd__nand2_4 (0) disconnected node: A
Cell sky130_fd_sc_hd__nand2_4 (0) disconnected node: B
Cell sky130_fd_sc_hd__nand2_4 (0) disconnected node: VGND
Cell sky130_fd_sc_hd__nand2_4 (0) disconnected node: VNB
Cell sky130_fd_sc_hd__nand2_4 (0) disconnected node: VPB
Cell sky130_fd_sc_hd__nand2_4 (0) disconnected node: VPWR
Cell sky130_fd_sc_hd__nand2_4 (0) disconnected node: Y

Subcircuit pins:
Circuit 1: sky130_fd_sc_hd__nand2_4        |Circuit 2: sky130_fd_sc_hd__nand2_4        
-------------------------------------------|-------------------------------------------
A                                          |A                                          
B                                          |B                                          
VGND                                       |VGND                                       
VNB                                        |VNB                                        
VPB                                        |VPB                                        
VPWR                                       |VPWR                                       
Y                                          |Y                                          
---------------------------------------------------------------------------------------
Cell pin lists are equivalent.
Device classes sky130_fd_sc_hd__nand2_4 and sky130_fd_sc_hd__nand2_4 are equivalent.

Cell sky130_fd_sc_hd__nor4b_2 (0) disconnected node: A
Cell sky130_fd_sc_hd__nor4b_2 (0) disconnected node: B
Cell sky130_fd_sc_hd__nor4b_2 (0) disconnected node: C
Cell sky130_fd_sc_hd__nor4b_2 (0) disconnected node: D_N
Cell sky130_fd_sc_hd__nor4b_2 (0) disconnected node: VGND
Cell sky130_fd_sc_hd__nor4b_2 (0) disconnected node: VNB
Cell sky130_fd_sc_hd__nor4b_2 (0) disconnected node: VPB
Cell sky130_fd_sc_hd__nor4b_2 (0) disconnected node: VPWR
Cell sky130_fd_sc_hd__nor4b_2 (0) disconnected node: Y

Subcircuit pins:
Circuit 1: sky130_fd_sc_hd__nor4b_2        |Circuit 2: sky130_fd_sc_hd__nor4b_2        
-------------------------------------------|-------------------------------------------
A                                          |A                                          
B                                          |B                                          
C                                          |C                                          
D_N                                        |D_N                                        
VGND                                       |VGND                                       
VNB                                        |VNB                                        
VPB                                        |VPB                                        
VPWR                                       |VPWR                                       
Y                                          |Y                                          
---------------------------------------------------------------------------------------
Cell pin lists are equivalent.
Device classes sky130_fd_sc_hd__nor4b_2 and sky130_fd_sc_hd__nor4b_2 are equivalent.

Cell sky130_fd_sc_hd__a31o_4 (0) disconnected node: A1
Cell sky130_fd_sc_hd__a31o_4 (0) disconnected node: A2
Cell sky130_fd_sc_hd__a31o_4 (0) disconnected node: A3
Cell sky130_fd_sc_hd__a31o_4 (0) disconnected node: B1
Cell sky130_fd_sc_hd__a31o_4 (0) disconnected node: VGND
Cell sky130_fd_sc_hd__a31o_4 (0) disconnected node: VNB
Cell sky130_fd_sc_hd__a31o_4 (0) disconnected node: VPB
Cell sky130_fd_sc_hd__a31o_4 (0) disconnected node: VPWR
Cell sky130_fd_sc_hd__a31o_4 (0) disconnected node: X

Subcircuit pins:
Circuit 1: sky130_fd_sc_hd__a31o_4         |Circuit 2: sky130_fd_sc_hd__a31o_4         
-------------------------------------------|-------------------------------------------
A1                                         |A1                                         
A2                                         |A2                                         
A3                                         |A3                                         
B1                                         |B1                                         
VGND                                       |VGND                                       
VNB                                        |VNB                                        
VPB                                        |VPB                                        
VPWR                                       |VPWR                                       
X                                          |X                                          
---------------------------------------------------------------------------------------
Cell pin lists are equivalent.
Device classes sky130_fd_sc_hd__a31o_4 and sky130_fd_sc_hd__a31o_4 are equivalent.

Cell sky130_fd_sc_hd__a22o_4 (0) disconnected node: A1
Cell sky130_fd_sc_hd__a22o_4 (0) disconnected node: A2
Cell sky130_fd_sc_hd__a22o_4 (0) disconnected node: B1
Cell sky130_fd_sc_hd__a22o_4 (0) disconnected node: B2
Cell sky130_fd_sc_hd__a22o_4 (0) disconnected node: VGND
Cell sky130_fd_sc_hd__a22o_4 (0) disconnected node: VNB
Cell sky130_fd_sc_hd__a22o_4 (0) disconnected node: VPB
Cell sky130_fd_sc_hd__a22o_4 (0) disconnected node: VPWR
Cell sky130_fd_sc_hd__a22o_4 (0) disconnected node: X

Subcircuit pins:
Circuit 1: sky130_fd_sc_hd__a22o_4         |Circuit 2: sky130_fd_sc_hd__a22o_4         
-------------------------------------------|-------------------------------------------
A1                                         |A1                                         
A2                                         |A2                                         
B1                                         |B1                                         
B2                                         |B2                                         
VGND                                       |VGND                                       
VNB                                        |VNB                                        
VPB                                        |VPB                                        
VPWR                                       |VPWR                                       
X                                          |X                                          
---------------------------------------------------------------------------------------
Cell pin lists are equivalent.
Device classes sky130_fd_sc_hd__a22o_4 and sky130_fd_sc_hd__a22o_4 are equivalent.

Cell sky130_fd_sc_hd__o2111ai_2 (0) disconnected node: A1
Cell sky130_fd_sc_hd__o2111ai_2 (0) disconnected node: A2
Cell sky130_fd_sc_hd__o2111ai_2 (0) disconnected node: B1
Cell sky130_fd_sc_hd__o2111ai_2 (0) disconnected node: C1
Cell sky130_fd_sc_hd__o2111ai_2 (0) disconnected node: D1
Cell sky130_fd_sc_hd__o2111ai_2 (0) disconnected node: VGND
Cell sky130_fd_sc_hd__o2111ai_2 (0) disconnected node: VNB
Cell sky130_fd_sc_hd__o2111ai_2 (0) disconnected node: VPB
Cell sky130_fd_sc_hd__o2111ai_2 (0) disconnected node: VPWR
Cell sky130_fd_sc_hd__o2111ai_2 (0) disconnected node: Y

Subcircuit pins:
Circuit 1: sky130_fd_sc_hd__o2111ai_2      |Circuit 2: sky130_fd_sc_hd__o2111ai_2      
-------------------------------------------|-------------------------------------------
A1                                         |A1                                         
A2                                         |A2                                         
B1                                         |B1                                         
C1                                         |C1                                         
D1                                         |D1                                         
VGND                                       |VGND                                       
VNB                                        |VNB                                        
VPB                                        |VPB                                        
VPWR                                       |VPWR                                       
Y                                          |Y                                          
---------------------------------------------------------------------------------------
Cell pin lists are equivalent.
Device classes sky130_fd_sc_hd__o2111ai_2 and sky130_fd_sc_hd__o2111ai_2 are equivalent.

Cell sky130_fd_sc_hd__o41a_2 (0) disconnected node: A1
Cell sky130_fd_sc_hd__o41a_2 (0) disconnected node: A2
Cell sky130_fd_sc_hd__o41a_2 (0) disconnected node: A3
Cell sky130_fd_sc_hd__o41a_2 (0) disconnected node: A4
Cell sky130_fd_sc_hd__o41a_2 (0) disconnected node: B1
Cell sky130_fd_sc_hd__o41a_2 (0) disconnected node: VGND
Cell sky130_fd_sc_hd__o41a_2 (0) disconnected node: VNB
Cell sky130_fd_sc_hd__o41a_2 (0) disconnected node: VPB
Cell sky130_fd_sc_hd__o41a_2 (0) disconnected node: VPWR
Cell sky130_fd_sc_hd__o41a_2 (0) disconnected node: X

Subcircuit pins:
Circuit 1: sky130_fd_sc_hd__o41a_2         |Circuit 2: sky130_fd_sc_hd__o41a_2         
-------------------------------------------|-------------------------------------------
A1                                         |A1                                         
A2                                         |A2                                         
A3                                         |A3                                         
A4                                         |A4                                         
B1                                         |B1                                         
VGND                                       |VGND                                       
VNB                                        |VNB                                        
VPB                                        |VPB                                        
VPWR                                       |VPWR                                       
X                                          |X                                          
---------------------------------------------------------------------------------------
Cell pin lists are equivalent.
Device classes sky130_fd_sc_hd__o41a_2 and sky130_fd_sc_hd__o41a_2 are equivalent.

Cell sky130_fd_sc_hd__or4b_4 (0) disconnected node: A
Cell sky130_fd_sc_hd__or4b_4 (0) disconnected node: B
Cell sky130_fd_sc_hd__or4b_4 (0) disconnected node: C
Cell sky130_fd_sc_hd__or4b_4 (0) disconnected node: D_N
Cell sky130_fd_sc_hd__or4b_4 (0) disconnected node: VGND
Cell sky130_fd_sc_hd__or4b_4 (0) disconnected node: VNB
Cell sky130_fd_sc_hd__or4b_4 (0) disconnected node: VPB
Cell sky130_fd_sc_hd__or4b_4 (0) disconnected node: VPWR
Cell sky130_fd_sc_hd__or4b_4 (0) disconnected node: X

Subcircuit pins:
Circuit 1: sky130_fd_sc_hd__or4b_4         |Circuit 2: sky130_fd_sc_hd__or4b_4         
-------------------------------------------|-------------------------------------------
A                                          |A                                          
B                                          |B                                          
C                                          |C                                          
D_N                                        |D_N                                        
VGND                                       |VGND                                       
VNB                                        |VNB                                        
VPB                                        |VPB                                        
VPWR                                       |VPWR                                       
X                                          |X                                          
---------------------------------------------------------------------------------------
Cell pin lists are equivalent.
Device classes sky130_fd_sc_hd__or4b_4 and sky130_fd_sc_hd__or4b_4 are equivalent.

Cell sky130_fd_sc_hd__bufinv_16 (0) disconnected node: A
Cell sky130_fd_sc_hd__bufinv_16 (0) disconnected node: VGND
Cell sky130_fd_sc_hd__bufinv_16 (0) disconnected node: VNB
Cell sky130_fd_sc_hd__bufinv_16 (0) disconnected node: VPB
Cell sky130_fd_sc_hd__bufinv_16 (0) disconnected node: VPWR
Cell sky130_fd_sc_hd__bufinv_16 (0) disconnected node: Y

Subcircuit pins:
Circuit 1: sky130_fd_sc_hd__bufinv_16      |Circuit 2: sky130_fd_sc_hd__bufinv_16      
-------------------------------------------|-------------------------------------------
A                                          |A                                          
VGND                                       |VGND                                       
VNB                                        |VNB                                        
VPB                                        |VPB                                        
VPWR                                       |VPWR                                       
Y                                          |Y                                          
---------------------------------------------------------------------------------------
Cell pin lists are equivalent.
Device classes sky130_fd_sc_hd__bufinv_16 and sky130_fd_sc_hd__bufinv_16 are equivalent.

Cell sky130_fd_sc_hd__nor4_4 (0) disconnected node: A
Cell sky130_fd_sc_hd__nor4_4 (0) disconnected node: B
Cell sky130_fd_sc_hd__nor4_4 (0) disconnected node: C
Cell sky130_fd_sc_hd__nor4_4 (0) disconnected node: D
Cell sky130_fd_sc_hd__nor4_4 (0) disconnected node: VGND
Cell sky130_fd_sc_hd__nor4_4 (0) disconnected node: VNB
Cell sky130_fd_sc_hd__nor4_4 (0) disconnected node: VPB
Cell sky130_fd_sc_hd__nor4_4 (0) disconnected node: VPWR
Cell sky130_fd_sc_hd__nor4_4 (0) disconnected node: Y

Subcircuit pins:
Circuit 1: sky130_fd_sc_hd__nor4_4         |Circuit 2: sky130_fd_sc_hd__nor4_4         
-------------------------------------------|-------------------------------------------
A                                          |A                                          
B                                          |B                                          
C                                          |C                                          
D                                          |D                                          
VGND                                       |VGND                                       
VNB                                        |VNB                                        
VPB                                        |VPB                                        
VPWR                                       |VPWR                                       
Y                                          |Y                                          
---------------------------------------------------------------------------------------
Cell pin lists are equivalent.
Device classes sky130_fd_sc_hd__nor4_4 and sky130_fd_sc_hd__nor4_4 are equivalent.

Cell sky130_fd_sc_hd__buf_8 (0) disconnected node: A
Cell sky130_fd_sc_hd__buf_8 (0) disconnected node: VGND
Cell sky130_fd_sc_hd__buf_8 (0) disconnected node: VNB
Cell sky130_fd_sc_hd__buf_8 (0) disconnected node: VPB
Cell sky130_fd_sc_hd__buf_8 (0) disconnected node: VPWR
Cell sky130_fd_sc_hd__buf_8 (0) disconnected node: X

Subcircuit pins:
Circuit 1: sky130_fd_sc_hd__buf_8          |Circuit 2: sky130_fd_sc_hd__buf_8          
-------------------------------------------|-------------------------------------------
A                                          |A                                          
VGND                                       |VGND                                       
VNB                                        |VNB                                        
VPB                                        |VPB                                        
VPWR                                       |VPWR                                       
X                                          |X                                          
---------------------------------------------------------------------------------------
Cell pin lists are equivalent.
Device classes sky130_fd_sc_hd__buf_8 and sky130_fd_sc_hd__buf_8 are equivalent.

Cell sky130_fd_sc_hd__a41o_4 (0) disconnected node: A1
Cell sky130_fd_sc_hd__a41o_4 (0) disconnected node: A2
Cell sky130_fd_sc_hd__a41o_4 (0) disconnected node: A3
Cell sky130_fd_sc_hd__a41o_4 (0) disconnected node: A4
Cell sky130_fd_sc_hd__a41o_4 (0) disconnected node: B1
Cell sky130_fd_sc_hd__a41o_4 (0) disconnected node: VGND
Cell sky130_fd_sc_hd__a41o_4 (0) disconnected node: VNB
Cell sky130_fd_sc_hd__a41o_4 (0) disconnected node: VPB
Cell sky130_fd_sc_hd__a41o_4 (0) disconnected node: VPWR
Cell sky130_fd_sc_hd__a41o_4 (0) disconnected node: X

Subcircuit pins:
Circuit 1: sky130_fd_sc_hd__a41o_4         |Circuit 2: sky130_fd_sc_hd__a41o_4         
-------------------------------------------|-------------------------------------------
A1                                         |A1                                         
A2                                         |A2                                         
A3                                         |A3                                         
A4                                         |A4                                         
B1                                         |B1                                         
VGND                                       |VGND                                       
VNB                                        |VNB                                        
VPB                                        |VPB                                        
VPWR                                       |VPWR                                       
X                                          |X                                          
---------------------------------------------------------------------------------------
Cell pin lists are equivalent.
Device classes sky130_fd_sc_hd__a41o_4 and sky130_fd_sc_hd__a41o_4 are equivalent.

Cell sky130_fd_sc_hd__mux2_2 (0) disconnected node: A0
Cell sky130_fd_sc_hd__mux2_2 (0) disconnected node: A1
Cell sky130_fd_sc_hd__mux2_2 (0) disconnected node: S
Cell sky130_fd_sc_hd__mux2_2 (0) disconnected node: VGND
Cell sky130_fd_sc_hd__mux2_2 (0) disconnected node: VNB
Cell sky130_fd_sc_hd__mux2_2 (0) disconnected node: VPB
Cell sky130_fd_sc_hd__mux2_2 (0) disconnected node: VPWR
Cell sky130_fd_sc_hd__mux2_2 (0) disconnected node: X

Subcircuit pins:
Circuit 1: sky130_fd_sc_hd__mux2_2         |Circuit 2: sky130_fd_sc_hd__mux2_2         
-------------------------------------------|-------------------------------------------
A0                                         |A0                                         
A1                                         |A1                                         
S                                          |S                                          
VGND                                       |VGND                                       
VNB                                        |VNB                                        
VPB                                        |VPB                                        
VPWR                                       |VPWR                                       
X                                          |X                                          
---------------------------------------------------------------------------------------
Cell pin lists are equivalent.
Device classes sky130_fd_sc_hd__mux2_2 and sky130_fd_sc_hd__mux2_2 are equivalent.

Cell sky130_fd_sc_hd__and3_4 (0) disconnected node: A
Cell sky130_fd_sc_hd__and3_4 (0) disconnected node: B
Cell sky130_fd_sc_hd__and3_4 (0) disconnected node: C
Cell sky130_fd_sc_hd__and3_4 (0) disconnected node: VGND
Cell sky130_fd_sc_hd__and3_4 (0) disconnected node: VNB
Cell sky130_fd_sc_hd__and3_4 (0) disconnected node: VPB
Cell sky130_fd_sc_hd__and3_4 (0) disconnected node: VPWR
Cell sky130_fd_sc_hd__and3_4 (0) disconnected node: X

Subcircuit pins:
Circuit 1: sky130_fd_sc_hd__and3_4         |Circuit 2: sky130_fd_sc_hd__and3_4         
-------------------------------------------|-------------------------------------------
A                                          |A                                          
B                                          |B                                          
C                                          |C                                          
VGND                                       |VGND                                       
VNB                                        |VNB                                        
VPB                                        |VPB                                        
VPWR                                       |VPWR                                       
X                                          |X                                          
---------------------------------------------------------------------------------------
Cell pin lists are equivalent.
Device classes sky130_fd_sc_hd__and3_4 and sky130_fd_sc_hd__and3_4 are equivalent.

Cell sky130_fd_sc_hd__a211oi_4 (0) disconnected node: A1
Cell sky130_fd_sc_hd__a211oi_4 (0) disconnected node: A2
Cell sky130_fd_sc_hd__a211oi_4 (0) disconnected node: B1
Cell sky130_fd_sc_hd__a211oi_4 (0) disconnected node: C1
Cell sky130_fd_sc_hd__a211oi_4 (0) disconnected node: VGND
Cell sky130_fd_sc_hd__a211oi_4 (0) disconnected node: VNB
Cell sky130_fd_sc_hd__a211oi_4 (0) disconnected node: VPB
Cell sky130_fd_sc_hd__a211oi_4 (0) disconnected node: VPWR
Cell sky130_fd_sc_hd__a211oi_4 (0) disconnected node: Y

Subcircuit pins:
Circuit 1: sky130_fd_sc_hd__a211oi_4       |Circuit 2: sky130_fd_sc_hd__a211oi_4       
-------------------------------------------|-------------------------------------------
A1                                         |A1                                         
A2                                         |A2                                         
B1                                         |B1                                         
C1                                         |C1                                         
VGND                                       |VGND                                       
VNB                                        |VNB                                        
VPB                                        |VPB                                        
VPWR                                       |VPWR                                       
Y                                          |Y                                          
---------------------------------------------------------------------------------------
Cell pin lists are equivalent.
Device classes sky130_fd_sc_hd__a211oi_4 and sky130_fd_sc_hd__a211oi_4 are equivalent.

Cell sky130_fd_sc_hd__and4_4 (0) disconnected node: A
Cell sky130_fd_sc_hd__and4_4 (0) disconnected node: B
Cell sky130_fd_sc_hd__and4_4 (0) disconnected node: C
Cell sky130_fd_sc_hd__and4_4 (0) disconnected node: D
Cell sky130_fd_sc_hd__and4_4 (0) disconnected node: VGND
Cell sky130_fd_sc_hd__and4_4 (0) disconnected node: VNB
Cell sky130_fd_sc_hd__and4_4 (0) disconnected node: VPB
Cell sky130_fd_sc_hd__and4_4 (0) disconnected node: VPWR
Cell sky130_fd_sc_hd__and4_4 (0) disconnected node: X

Subcircuit pins:
Circuit 1: sky130_fd_sc_hd__and4_4         |Circuit 2: sky130_fd_sc_hd__and4_4         
-------------------------------------------|-------------------------------------------
A                                          |A                                          
B                                          |B                                          
C                                          |C                                          
D                                          |D                                          
VGND                                       |VGND                                       
VNB                                        |VNB                                        
VPB                                        |VPB                                        
VPWR                                       |VPWR                                       
X                                          |X                                          
---------------------------------------------------------------------------------------
Cell pin lists are equivalent.
Device classes sky130_fd_sc_hd__and4_4 and sky130_fd_sc_hd__and4_4 are equivalent.

Cell sky130_fd_sc_hd__o21ai_4 (0) disconnected node: A1
Cell sky130_fd_sc_hd__o21ai_4 (0) disconnected node: A2
Cell sky130_fd_sc_hd__o21ai_4 (0) disconnected node: B1
Cell sky130_fd_sc_hd__o21ai_4 (0) disconnected node: VGND
Cell sky130_fd_sc_hd__o21ai_4 (0) disconnected node: VNB
Cell sky130_fd_sc_hd__o21ai_4 (0) disconnected node: VPB
Cell sky130_fd_sc_hd__o21ai_4 (0) disconnected node: VPWR
Cell sky130_fd_sc_hd__o21ai_4 (0) disconnected node: Y

Subcircuit pins:
Circuit 1: sky130_fd_sc_hd__o21ai_4        |Circuit 2: sky130_fd_sc_hd__o21ai_4        
-------------------------------------------|-------------------------------------------
A1                                         |A1                                         
A2                                         |A2                                         
B1                                         |B1                                         
VGND                                       |VGND                                       
VNB                                        |VNB                                        
VPB                                        |VPB                                        
VPWR                                       |VPWR                                       
Y                                          |Y                                          
---------------------------------------------------------------------------------------
Cell pin lists are equivalent.
Device classes sky130_fd_sc_hd__o21ai_4 and sky130_fd_sc_hd__o21ai_4 are equivalent.

Cell sky130_fd_sc_hd__o21ba_4 (0) disconnected node: A1
Cell sky130_fd_sc_hd__o21ba_4 (0) disconnected node: A2
Cell sky130_fd_sc_hd__o21ba_4 (0) disconnected node: B1_N
Cell sky130_fd_sc_hd__o21ba_4 (0) disconnected node: VGND
Cell sky130_fd_sc_hd__o21ba_4 (0) disconnected node: VNB
Cell sky130_fd_sc_hd__o21ba_4 (0) disconnected node: VPB
Cell sky130_fd_sc_hd__o21ba_4 (0) disconnected node: VPWR
Cell sky130_fd_sc_hd__o21ba_4 (0) disconnected node: X

Subcircuit pins:
Circuit 1: sky130_fd_sc_hd__o21ba_4        |Circuit 2: sky130_fd_sc_hd__o21ba_4        
-------------------------------------------|-------------------------------------------
A1                                         |A1                                         
A2                                         |A2                                         
B1_N                                       |B1_N                                       
VGND                                       |VGND                                       
VNB                                        |VNB                                        
VPB                                        |VPB                                        
VPWR                                       |VPWR                                       
X                                          |X                                          
---------------------------------------------------------------------------------------
Cell pin lists are equivalent.
Device classes sky130_fd_sc_hd__o21ba_4 and sky130_fd_sc_hd__o21ba_4 are equivalent.

Cell sky130_fd_sc_hd__a2111oi_1 (0) disconnected node: A1
Cell sky130_fd_sc_hd__a2111oi_1 (0) disconnected node: A2
Cell sky130_fd_sc_hd__a2111oi_1 (0) disconnected node: B1
Cell sky130_fd_sc_hd__a2111oi_1 (0) disconnected node: C1
Cell sky130_fd_sc_hd__a2111oi_1 (0) disconnected node: D1
Cell sky130_fd_sc_hd__a2111oi_1 (0) disconnected node: VGND
Cell sky130_fd_sc_hd__a2111oi_1 (0) disconnected node: VNB
Cell sky130_fd_sc_hd__a2111oi_1 (0) disconnected node: VPB
Cell sky130_fd_sc_hd__a2111oi_1 (0) disconnected node: VPWR
Cell sky130_fd_sc_hd__a2111oi_1 (0) disconnected node: Y

Subcircuit pins:
Circuit 1: sky130_fd_sc_hd__a2111oi_1      |Circuit 2: sky130_fd_sc_hd__a2111oi_1      
-------------------------------------------|-------------------------------------------
A1                                         |A1                                         
A2                                         |A2                                         
B1                                         |B1                                         
C1                                         |C1                                         
D1                                         |D1                                         
VGND                                       |VGND                                       
VNB                                        |VNB                                        
VPB                                        |VPB                                        
VPWR                                       |VPWR                                       
Y                                          |Y                                          
---------------------------------------------------------------------------------------
Cell pin lists are equivalent.
Device classes sky130_fd_sc_hd__a2111oi_1 and sky130_fd_sc_hd__a2111oi_1 are equivalent.

Cell sky130_fd_sc_hd__or3_4 (0) disconnected node: A
Cell sky130_fd_sc_hd__or3_4 (0) disconnected node: B
Cell sky130_fd_sc_hd__or3_4 (0) disconnected node: C
Cell sky130_fd_sc_hd__or3_4 (0) disconnected node: VGND
Cell sky130_fd_sc_hd__or3_4 (0) disconnected node: VNB
Cell sky130_fd_sc_hd__or3_4 (0) disconnected node: VPB
Cell sky130_fd_sc_hd__or3_4 (0) disconnected node: VPWR
Cell sky130_fd_sc_hd__or3_4 (0) disconnected node: X

Subcircuit pins:
Circuit 1: sky130_fd_sc_hd__or3_4          |Circuit 2: sky130_fd_sc_hd__or3_4          
-------------------------------------------|-------------------------------------------
A                                          |A                                          
B                                          |B                                          
C                                          |C                                          
VGND                                       |VGND                                       
VNB                                        |VNB                                        
VPB                                        |VPB                                        
VPWR                                       |VPWR                                       
X                                          |X                                          
---------------------------------------------------------------------------------------
Cell pin lists are equivalent.
Device classes sky130_fd_sc_hd__or3_4 and sky130_fd_sc_hd__or3_4 are equivalent.

Cell sky130_fd_sc_hd__o21bai_4 (0) disconnected node: A1
Cell sky130_fd_sc_hd__o21bai_4 (0) disconnected node: A2
Cell sky130_fd_sc_hd__o21bai_4 (0) disconnected node: B1_N
Cell sky130_fd_sc_hd__o21bai_4 (0) disconnected node: VGND
Cell sky130_fd_sc_hd__o21bai_4 (0) disconnected node: VNB
Cell sky130_fd_sc_hd__o21bai_4 (0) disconnected node: VPB
Cell sky130_fd_sc_hd__o21bai_4 (0) disconnected node: VPWR
Cell sky130_fd_sc_hd__o21bai_4 (0) disconnected node: Y

Subcircuit pins:
Circuit 1: sky130_fd_sc_hd__o21bai_4       |Circuit 2: sky130_fd_sc_hd__o21bai_4       
-------------------------------------------|-------------------------------------------
A1                                         |A1                                         
A2                                         |A2                                         
B1_N                                       |B1_N                                       
VGND                                       |VGND                                       
VNB                                        |VNB                                        
VPB                                        |VPB                                        
VPWR                                       |VPWR                                       
Y                                          |Y                                          
---------------------------------------------------------------------------------------
Cell pin lists are equivalent.
Device classes sky130_fd_sc_hd__o21bai_4 and sky130_fd_sc_hd__o21bai_4 are equivalent.

Cell sky130_fd_sc_hd__nand4b_2 (0) disconnected node: A_N
Cell sky130_fd_sc_hd__nand4b_2 (0) disconnected node: B
Cell sky130_fd_sc_hd__nand4b_2 (0) disconnected node: C
Cell sky130_fd_sc_hd__nand4b_2 (0) disconnected node: D
Cell sky130_fd_sc_hd__nand4b_2 (0) disconnected node: VGND
Cell sky130_fd_sc_hd__nand4b_2 (0) disconnected node: VNB
Cell sky130_fd_sc_hd__nand4b_2 (0) disconnected node: VPB
Cell sky130_fd_sc_hd__nand4b_2 (0) disconnected node: VPWR
Cell sky130_fd_sc_hd__nand4b_2 (0) disconnected node: Y

Subcircuit pins:
Circuit 1: sky130_fd_sc_hd__nand4b_2       |Circuit 2: sky130_fd_sc_hd__nand4b_2       
-------------------------------------------|-------------------------------------------
A_N                                        |A_N                                        
B                                          |B                                          
C                                          |C                                          
D                                          |D                                          
VGND                                       |VGND                                       
VNB                                        |VNB                                        
VPB                                        |VPB                                        
VPWR                                       |VPWR                                       
Y                                          |Y                                          
---------------------------------------------------------------------------------------
Cell pin lists are equivalent.
Device classes sky130_fd_sc_hd__nand4b_2 and sky130_fd_sc_hd__nand4b_2 are equivalent.

Cell sky130_fd_sc_hd__a21boi_4 (0) disconnected node: A1
Cell sky130_fd_sc_hd__a21boi_4 (0) disconnected node: A2
Cell sky130_fd_sc_hd__a21boi_4 (0) disconnected node: B1_N
Cell sky130_fd_sc_hd__a21boi_4 (0) disconnected node: VGND
Cell sky130_fd_sc_hd__a21boi_4 (0) disconnected node: VNB
Cell sky130_fd_sc_hd__a21boi_4 (0) disconnected node: VPB
Cell sky130_fd_sc_hd__a21boi_4 (0) disconnected node: VPWR
Cell sky130_fd_sc_hd__a21boi_4 (0) disconnected node: Y

Subcircuit pins:
Circuit 1: sky130_fd_sc_hd__a21boi_4       |Circuit 2: sky130_fd_sc_hd__a21boi_4       
-------------------------------------------|-------------------------------------------
A1                                         |A1                                         
A2                                         |A2                                         
B1_N                                       |B1_N                                       
VGND                                       |VGND                                       
VNB                                        |VNB                                        
VPB                                        |VPB                                        
VPWR                                       |VPWR                                       
Y                                          |Y                                          
---------------------------------------------------------------------------------------
Cell pin lists are equivalent.
Device classes sky130_fd_sc_hd__a21boi_4 and sky130_fd_sc_hd__a21boi_4 are equivalent.

Cell sky130_fd_sc_hd__inv_6 (0) disconnected node: A
Cell sky130_fd_sc_hd__inv_6 (0) disconnected node: VGND
Cell sky130_fd_sc_hd__inv_6 (0) disconnected node: VNB
Cell sky130_fd_sc_hd__inv_6 (0) disconnected node: VPB
Cell sky130_fd_sc_hd__inv_6 (0) disconnected node: VPWR
Cell sky130_fd_sc_hd__inv_6 (0) disconnected node: Y

Subcircuit pins:
Circuit 1: sky130_fd_sc_hd__inv_6          |Circuit 2: sky130_fd_sc_hd__inv_6          
-------------------------------------------|-------------------------------------------
A                                          |A                                          
VGND                                       |VGND                                       
VNB                                        |VNB                                        
VPB                                        |VPB                                        
VPWR                                       |VPWR                                       
Y                                          |Y                                          
---------------------------------------------------------------------------------------
Cell pin lists are equivalent.
Device classes sky130_fd_sc_hd__inv_6 and sky130_fd_sc_hd__inv_6 are equivalent.

Cell sky130_fd_sc_hd__o41a_4 (0) disconnected node: A1
Cell sky130_fd_sc_hd__o41a_4 (0) disconnected node: A2
Cell sky130_fd_sc_hd__o41a_4 (0) disconnected node: A3
Cell sky130_fd_sc_hd__o41a_4 (0) disconnected node: A4
Cell sky130_fd_sc_hd__o41a_4 (0) disconnected node: B1
Cell sky130_fd_sc_hd__o41a_4 (0) disconnected node: VGND
Cell sky130_fd_sc_hd__o41a_4 (0) disconnected node: VNB
Cell sky130_fd_sc_hd__o41a_4 (0) disconnected node: VPB
Cell sky130_fd_sc_hd__o41a_4 (0) disconnected node: VPWR
Cell sky130_fd_sc_hd__o41a_4 (0) disconnected node: X

Subcircuit pins:
Circuit 1: sky130_fd_sc_hd__o41a_4         |Circuit 2: sky130_fd_sc_hd__o41a_4         
-------------------------------------------|-------------------------------------------
A1                                         |A1                                         
A2                                         |A2                                         
A3                                         |A3                                         
A4                                         |A4                                         
B1                                         |B1                                         
VGND                                       |VGND                                       
VNB                                        |VNB                                        
VPB                                        |VPB                                        
VPWR                                       |VPWR                                       
X                                          |X                                          
---------------------------------------------------------------------------------------
Cell pin lists are equivalent.
Device classes sky130_fd_sc_hd__o41a_4 and sky130_fd_sc_hd__o41a_4 are equivalent.

Cell sky130_fd_sc_hd__clkbuf_1 (0) disconnected node: A
Cell sky130_fd_sc_hd__clkbuf_1 (0) disconnected node: VGND
Cell sky130_fd_sc_hd__clkbuf_1 (0) disconnected node: VNB
Cell sky130_fd_sc_hd__clkbuf_1 (0) disconnected node: VPB
Cell sky130_fd_sc_hd__clkbuf_1 (0) disconnected node: VPWR
Cell sky130_fd_sc_hd__clkbuf_1 (0) disconnected node: X

Subcircuit pins:
Circuit 1: sky130_fd_sc_hd__clkbuf_1       |Circuit 2: sky130_fd_sc_hd__clkbuf_1       
-------------------------------------------|-------------------------------------------
A                                          |A                                          
VGND                                       |VGND                                       
VNB                                        |VNB                                        
VPB                                        |VPB                                        
VPWR                                       |VPWR                                       
X                                          |X                                          
---------------------------------------------------------------------------------------
Cell pin lists are equivalent.
Device classes sky130_fd_sc_hd__clkbuf_1 and sky130_fd_sc_hd__clkbuf_1 are equivalent.

Cell sky130_fd_sc_hd__a221oi_4 (0) disconnected node: A1
Cell sky130_fd_sc_hd__a221oi_4 (0) disconnected node: A2
Cell sky130_fd_sc_hd__a221oi_4 (0) disconnected node: B1
Cell sky130_fd_sc_hd__a221oi_4 (0) disconnected node: B2
Cell sky130_fd_sc_hd__a221oi_4 (0) disconnected node: C1
Cell sky130_fd_sc_hd__a221oi_4 (0) disconnected node: VGND
Cell sky130_fd_sc_hd__a221oi_4 (0) disconnected node: VNB
Cell sky130_fd_sc_hd__a221oi_4 (0) disconnected node: VPB
Cell sky130_fd_sc_hd__a221oi_4 (0) disconnected node: VPWR
Cell sky130_fd_sc_hd__a221oi_4 (0) disconnected node: Y

Subcircuit pins:
Circuit 1: sky130_fd_sc_hd__a221oi_4       |Circuit 2: sky130_fd_sc_hd__a221oi_4       
-------------------------------------------|-------------------------------------------
A1                                         |A1                                         
A2                                         |A2                                         
B1                                         |B1                                         
B2                                         |B2                                         
C1                                         |C1                                         
VGND                                       |VGND                                       
VNB                                        |VNB                                        
VPB                                        |VPB                                        
VPWR                                       |VPWR                                       
Y                                          |Y                                          
---------------------------------------------------------------------------------------
Cell pin lists are equivalent.
Device classes sky130_fd_sc_hd__a221oi_4 and sky130_fd_sc_hd__a221oi_4 are equivalent.

Cell sky130_fd_sc_hd__a2111oi_4 (0) disconnected node: A1
Cell sky130_fd_sc_hd__a2111oi_4 (0) disconnected node: A2
Cell sky130_fd_sc_hd__a2111oi_4 (0) disconnected node: B1
Cell sky130_fd_sc_hd__a2111oi_4 (0) disconnected node: C1
Cell sky130_fd_sc_hd__a2111oi_4 (0) disconnected node: D1
Cell sky130_fd_sc_hd__a2111oi_4 (0) disconnected node: VGND
Cell sky130_fd_sc_hd__a2111oi_4 (0) disconnected node: VNB
Cell sky130_fd_sc_hd__a2111oi_4 (0) disconnected node: VPB
Cell sky130_fd_sc_hd__a2111oi_4 (0) disconnected node: VPWR
Cell sky130_fd_sc_hd__a2111oi_4 (0) disconnected node: Y

Subcircuit pins:
Circuit 1: sky130_fd_sc_hd__a2111oi_4      |Circuit 2: sky130_fd_sc_hd__a2111oi_4      
-------------------------------------------|-------------------------------------------
A1                                         |A1                                         
A2                                         |A2                                         
B1                                         |B1                                         
C1                                         |C1                                         
D1                                         |D1                                         
VGND                                       |VGND                                       
VNB                                        |VNB                                        
VPB                                        |VPB                                        
VPWR                                       |VPWR                                       
Y                                          |Y                                          
---------------------------------------------------------------------------------------
Cell pin lists are equivalent.
Device classes sky130_fd_sc_hd__a2111oi_4 and sky130_fd_sc_hd__a2111oi_4 are equivalent.

Cell sky130_fd_sc_hd__o2bb2a_4 (0) disconnected node: A1_N
Cell sky130_fd_sc_hd__o2bb2a_4 (0) disconnected node: A2_N
Cell sky130_fd_sc_hd__o2bb2a_4 (0) disconnected node: B1
Cell sky130_fd_sc_hd__o2bb2a_4 (0) disconnected node: B2
Cell sky130_fd_sc_hd__o2bb2a_4 (0) disconnected node: VGND
Cell sky130_fd_sc_hd__o2bb2a_4 (0) disconnected node: VNB
Cell sky130_fd_sc_hd__o2bb2a_4 (0) disconnected node: VPB
Cell sky130_fd_sc_hd__o2bb2a_4 (0) disconnected node: VPWR
Cell sky130_fd_sc_hd__o2bb2a_4 (0) disconnected node: X

Subcircuit pins:
Circuit 1: sky130_fd_sc_hd__o2bb2a_4       |Circuit 2: sky130_fd_sc_hd__o2bb2a_4       
-------------------------------------------|-------------------------------------------
A1_N                                       |A1_N                                       
A2_N                                       |A2_N                                       
B1                                         |B1                                         
B2                                         |B2                                         
VGND                                       |VGND                                       
VNB                                        |VNB                                        
VPB                                        |VPB                                        
VPWR                                       |VPWR                                       
X                                          |X                                          
---------------------------------------------------------------------------------------
Cell pin lists are equivalent.
Device classes sky130_fd_sc_hd__o2bb2a_4 and sky130_fd_sc_hd__o2bb2a_4 are equivalent.

Cell sky130_fd_sc_hd__o41ai_4 (0) disconnected node: A1
Cell sky130_fd_sc_hd__o41ai_4 (0) disconnected node: A2
Cell sky130_fd_sc_hd__o41ai_4 (0) disconnected node: A3
Cell sky130_fd_sc_hd__o41ai_4 (0) disconnected node: A4
Cell sky130_fd_sc_hd__o41ai_4 (0) disconnected node: B1
Cell sky130_fd_sc_hd__o41ai_4 (0) disconnected node: VGND
Cell sky130_fd_sc_hd__o41ai_4 (0) disconnected node: VNB
Cell sky130_fd_sc_hd__o41ai_4 (0) disconnected node: VPB
Cell sky130_fd_sc_hd__o41ai_4 (0) disconnected node: VPWR
Cell sky130_fd_sc_hd__o41ai_4 (0) disconnected node: Y

Subcircuit pins:
Circuit 1: sky130_fd_sc_hd__o41ai_4        |Circuit 2: sky130_fd_sc_hd__o41ai_4        
-------------------------------------------|-------------------------------------------
A1                                         |A1                                         
A2                                         |A2                                         
A3                                         |A3                                         
A4                                         |A4                                         
B1                                         |B1                                         
VGND                                       |VGND                                       
VNB                                        |VNB                                        
VPB                                        |VPB                                        
VPWR                                       |VPWR                                       
Y                                          |Y                                          
---------------------------------------------------------------------------------------
Cell pin lists are equivalent.
Device classes sky130_fd_sc_hd__o41ai_4 and sky130_fd_sc_hd__o41ai_4 are equivalent.

Cell sky130_fd_sc_hd__o22ai_4 (0) disconnected node: A1
Cell sky130_fd_sc_hd__o22ai_4 (0) disconnected node: A2
Cell sky130_fd_sc_hd__o22ai_4 (0) disconnected node: B1
Cell sky130_fd_sc_hd__o22ai_4 (0) disconnected node: B2
Cell sky130_fd_sc_hd__o22ai_4 (0) disconnected node: VGND
Cell sky130_fd_sc_hd__o22ai_4 (0) disconnected node: VNB
Cell sky130_fd_sc_hd__o22ai_4 (0) disconnected node: VPB
Cell sky130_fd_sc_hd__o22ai_4 (0) disconnected node: VPWR
Cell sky130_fd_sc_hd__o22ai_4 (0) disconnected node: Y

Subcircuit pins:
Circuit 1: sky130_fd_sc_hd__o22ai_4        |Circuit 2: sky130_fd_sc_hd__o22ai_4        
-------------------------------------------|-------------------------------------------
A1                                         |A1                                         
A2                                         |A2                                         
B1                                         |B1                                         
B2                                         |B2                                         
VGND                                       |VGND                                       
VNB                                        |VNB                                        
VPB                                        |VPB                                        
VPWR                                       |VPWR                                       
Y                                          |Y                                          
---------------------------------------------------------------------------------------
Cell pin lists are equivalent.
Device classes sky130_fd_sc_hd__o22ai_4 and sky130_fd_sc_hd__o22ai_4 are equivalent.

Cell sky130_fd_sc_hd__inv_8 (0) disconnected node: A
Cell sky130_fd_sc_hd__inv_8 (0) disconnected node: VGND
Cell sky130_fd_sc_hd__inv_8 (0) disconnected node: VNB
Cell sky130_fd_sc_hd__inv_8 (0) disconnected node: VPB
Cell sky130_fd_sc_hd__inv_8 (0) disconnected node: VPWR
Cell sky130_fd_sc_hd__inv_8 (0) disconnected node: Y

Subcircuit pins:
Circuit 1: sky130_fd_sc_hd__inv_8          |Circuit 2: sky130_fd_sc_hd__inv_8          
-------------------------------------------|-------------------------------------------
A                                          |A                                          
VGND                                       |VGND                                       
VNB                                        |VNB                                        
VPB                                        |VPB                                        
VPWR                                       |VPWR                                       
Y                                          |Y                                          
---------------------------------------------------------------------------------------
Cell pin lists are equivalent.
Device classes sky130_fd_sc_hd__inv_8 and sky130_fd_sc_hd__inv_8 are equivalent.

Cell sky130_fd_sc_hd__o31ai_1 (0) disconnected node: A1
Cell sky130_fd_sc_hd__o31ai_1 (0) disconnected node: A2
Cell sky130_fd_sc_hd__o31ai_1 (0) disconnected node: A3
Cell sky130_fd_sc_hd__o31ai_1 (0) disconnected node: B1
Cell sky130_fd_sc_hd__o31ai_1 (0) disconnected node: VGND
Cell sky130_fd_sc_hd__o31ai_1 (0) disconnected node: VNB
Cell sky130_fd_sc_hd__o31ai_1 (0) disconnected node: VPB
Cell sky130_fd_sc_hd__o31ai_1 (0) disconnected node: VPWR
Cell sky130_fd_sc_hd__o31ai_1 (0) disconnected node: Y

Subcircuit pins:
Circuit 1: sky130_fd_sc_hd__o31ai_1        |Circuit 2: sky130_fd_sc_hd__o31ai_1        
-------------------------------------------|-------------------------------------------
A1                                         |A1                                         
A2                                         |A2                                         
A3                                         |A3                                         
B1                                         |B1                                         
VGND                                       |VGND                                       
VNB                                        |VNB                                        
VPB                                        |VPB                                        
VPWR                                       |VPWR                                       
Y                                          |Y                                          
---------------------------------------------------------------------------------------
Cell pin lists are equivalent.
Device classes sky130_fd_sc_hd__o31ai_1 and sky130_fd_sc_hd__o31ai_1 are equivalent.

Cell sky130_fd_sc_hd__nand3_1 (0) disconnected node: A
Cell sky130_fd_sc_hd__nand3_1 (0) disconnected node: B
Cell sky130_fd_sc_hd__nand3_1 (0) disconnected node: C
Cell sky130_fd_sc_hd__nand3_1 (0) disconnected node: VGND
Cell sky130_fd_sc_hd__nand3_1 (0) disconnected node: VNB
Cell sky130_fd_sc_hd__nand3_1 (0) disconnected node: VPB
Cell sky130_fd_sc_hd__nand3_1 (0) disconnected node: VPWR
Cell sky130_fd_sc_hd__nand3_1 (0) disconnected node: Y

Subcircuit pins:
Circuit 1: sky130_fd_sc_hd__nand3_1        |Circuit 2: sky130_fd_sc_hd__nand3_1        
-------------------------------------------|-------------------------------------------
A                                          |A                                          
B                                          |B                                          
C                                          |C                                          
VGND                                       |VGND                                       
VNB                                        |VNB                                        
VPB                                        |VPB                                        
VPWR                                       |VPWR                                       
Y                                          |Y                                          
---------------------------------------------------------------------------------------
Cell pin lists are equivalent.
Device classes sky130_fd_sc_hd__nand3_1 and sky130_fd_sc_hd__nand3_1 are equivalent.

Cell sky130_fd_sc_hd__nor3_4 (0) disconnected node: A
Cell sky130_fd_sc_hd__nor3_4 (0) disconnected node: B
Cell sky130_fd_sc_hd__nor3_4 (0) disconnected node: C
Cell sky130_fd_sc_hd__nor3_4 (0) disconnected node: VGND
Cell sky130_fd_sc_hd__nor3_4 (0) disconnected node: VNB
Cell sky130_fd_sc_hd__nor3_4 (0) disconnected node: VPB
Cell sky130_fd_sc_hd__nor3_4 (0) disconnected node: VPWR
Cell sky130_fd_sc_hd__nor3_4 (0) disconnected node: Y

Subcircuit pins:
Circuit 1: sky130_fd_sc_hd__nor3_4         |Circuit 2: sky130_fd_sc_hd__nor3_4         
-------------------------------------------|-------------------------------------------
A                                          |A                                          
B                                          |B                                          
C                                          |C                                          
VGND                                       |VGND                                       
VNB                                        |VNB                                        
VPB                                        |VPB                                        
VPWR                                       |VPWR                                       
Y                                          |Y                                          
---------------------------------------------------------------------------------------
Cell pin lists are equivalent.
Device classes sky130_fd_sc_hd__nor3_4 and sky130_fd_sc_hd__nor3_4 are equivalent.

Cell sky130_fd_sc_hd__o221ai_4 (0) disconnected node: A1
Cell sky130_fd_sc_hd__o221ai_4 (0) disconnected node: A2
Cell sky130_fd_sc_hd__o221ai_4 (0) disconnected node: B1
Cell sky130_fd_sc_hd__o221ai_4 (0) disconnected node: B2
Cell sky130_fd_sc_hd__o221ai_4 (0) disconnected node: C1
Cell sky130_fd_sc_hd__o221ai_4 (0) disconnected node: VGND
Cell sky130_fd_sc_hd__o221ai_4 (0) disconnected node: VNB
Cell sky130_fd_sc_hd__o221ai_4 (0) disconnected node: VPB
Cell sky130_fd_sc_hd__o221ai_4 (0) disconnected node: VPWR
Cell sky130_fd_sc_hd__o221ai_4 (0) disconnected node: Y

Subcircuit pins:
Circuit 1: sky130_fd_sc_hd__o221ai_4       |Circuit 2: sky130_fd_sc_hd__o221ai_4       
-------------------------------------------|-------------------------------------------
A1                                         |A1                                         
A2                                         |A2                                         
B1                                         |B1                                         
B2                                         |B2                                         
C1                                         |C1                                         
VGND                                       |VGND                                       
VNB                                        |VNB                                        
VPB                                        |VPB                                        
VPWR                                       |VPWR                                       
Y                                          |Y                                          
---------------------------------------------------------------------------------------
Cell pin lists are equivalent.
Device classes sky130_fd_sc_hd__o221ai_4 and sky130_fd_sc_hd__o221ai_4 are equivalent.

Cell sky130_fd_sc_hd__nand3_4 (0) disconnected node: A
Cell sky130_fd_sc_hd__nand3_4 (0) disconnected node: B
Cell sky130_fd_sc_hd__nand3_4 (0) disconnected node: C
Cell sky130_fd_sc_hd__nand3_4 (0) disconnected node: VGND
Cell sky130_fd_sc_hd__nand3_4 (0) disconnected node: VNB
Cell sky130_fd_sc_hd__nand3_4 (0) disconnected node: VPB
Cell sky130_fd_sc_hd__nand3_4 (0) disconnected node: VPWR
Cell sky130_fd_sc_hd__nand3_4 (0) disconnected node: Y

Subcircuit pins:
Circuit 1: sky130_fd_sc_hd__nand3_4        |Circuit 2: sky130_fd_sc_hd__nand3_4        
-------------------------------------------|-------------------------------------------
A                                          |A                                          
B                                          |B                                          
C                                          |C                                          
VGND                                       |VGND                                       
VNB                                        |VNB                                        
VPB                                        |VPB                                        
VPWR                                       |VPWR                                       
Y                                          |Y                                          
---------------------------------------------------------------------------------------
Cell pin lists are equivalent.
Device classes sky130_fd_sc_hd__nand3_4 and sky130_fd_sc_hd__nand3_4 are equivalent.

Cell sky130_fd_sc_hd__a221oi_1 (0) disconnected node: A1
Cell sky130_fd_sc_hd__a221oi_1 (0) disconnected node: A2
Cell sky130_fd_sc_hd__a221oi_1 (0) disconnected node: B1
Cell sky130_fd_sc_hd__a221oi_1 (0) disconnected node: B2
Cell sky130_fd_sc_hd__a221oi_1 (0) disconnected node: C1
Cell sky130_fd_sc_hd__a221oi_1 (0) disconnected node: VGND
Cell sky130_fd_sc_hd__a221oi_1 (0) disconnected node: VNB
Cell sky130_fd_sc_hd__a221oi_1 (0) disconnected node: VPB
Cell sky130_fd_sc_hd__a221oi_1 (0) disconnected node: VPWR
Cell sky130_fd_sc_hd__a221oi_1 (0) disconnected node: Y

Subcircuit pins:
Circuit 1: sky130_fd_sc_hd__a221oi_1       |Circuit 2: sky130_fd_sc_hd__a221oi_1       
-------------------------------------------|-------------------------------------------
A1                                         |A1                                         
A2                                         |A2                                         
B1                                         |B1                                         
B2                                         |B2                                         
C1                                         |C1                                         
VGND                                       |VGND                                       
VNB                                        |VNB                                        
VPB                                        |VPB                                        
VPWR                                       |VPWR                                       
Y                                          |Y                                          
---------------------------------------------------------------------------------------
Cell pin lists are equivalent.
Device classes sky130_fd_sc_hd__a221oi_1 and sky130_fd_sc_hd__a221oi_1 are equivalent.

Cell sky130_fd_sc_hd__o311a_4 (0) disconnected node: A1
Cell sky130_fd_sc_hd__o311a_4 (0) disconnected node: A2
Cell sky130_fd_sc_hd__o311a_4 (0) disconnected node: A3
Cell sky130_fd_sc_hd__o311a_4 (0) disconnected node: B1
Cell sky130_fd_sc_hd__o311a_4 (0) disconnected node: C1
Cell sky130_fd_sc_hd__o311a_4 (0) disconnected node: VGND
Cell sky130_fd_sc_hd__o311a_4 (0) disconnected node: VNB
Cell sky130_fd_sc_hd__o311a_4 (0) disconnected node: VPB
Cell sky130_fd_sc_hd__o311a_4 (0) disconnected node: VPWR
Cell sky130_fd_sc_hd__o311a_4 (0) disconnected node: X

Subcircuit pins:
Circuit 1: sky130_fd_sc_hd__o311a_4        |Circuit 2: sky130_fd_sc_hd__o311a_4        
-------------------------------------------|-------------------------------------------
A1                                         |A1                                         
A2                                         |A2                                         
A3                                         |A3                                         
B1                                         |B1                                         
C1                                         |C1                                         
VGND                                       |VGND                                       
VNB                                        |VNB                                        
VPB                                        |VPB                                        
VPWR                                       |VPWR                                       
X                                          |X                                          
---------------------------------------------------------------------------------------
Cell pin lists are equivalent.
Device classes sky130_fd_sc_hd__o311a_4 and sky130_fd_sc_hd__o311a_4 are equivalent.

Cell sky130_fd_sc_hd__a311oi_4 (0) disconnected node: A1
Cell sky130_fd_sc_hd__a311oi_4 (0) disconnected node: A2
Cell sky130_fd_sc_hd__a311oi_4 (0) disconnected node: A3
Cell sky130_fd_sc_hd__a311oi_4 (0) disconnected node: B1
Cell sky130_fd_sc_hd__a311oi_4 (0) disconnected node: C1
Cell sky130_fd_sc_hd__a311oi_4 (0) disconnected node: VGND
Cell sky130_fd_sc_hd__a311oi_4 (0) disconnected node: VNB
Cell sky130_fd_sc_hd__a311oi_4 (0) disconnected node: VPB
Cell sky130_fd_sc_hd__a311oi_4 (0) disconnected node: VPWR
Cell sky130_fd_sc_hd__a311oi_4 (0) disconnected node: Y

Subcircuit pins:
Circuit 1: sky130_fd_sc_hd__a311oi_4       |Circuit 2: sky130_fd_sc_hd__a311oi_4       
-------------------------------------------|-------------------------------------------
A1                                         |A1                                         
A2                                         |A2                                         
A3                                         |A3                                         
B1                                         |B1                                         
C1                                         |C1                                         
VGND                                       |VGND                                       
VNB                                        |VNB                                        
VPB                                        |VPB                                        
VPWR                                       |VPWR                                       
Y                                          |Y                                          
---------------------------------------------------------------------------------------
Cell pin lists are equivalent.
Device classes sky130_fd_sc_hd__a311oi_4 and sky130_fd_sc_hd__a311oi_4 are equivalent.

Cell sky130_fd_sc_hd__nor4_1 (0) disconnected node: A
Cell sky130_fd_sc_hd__nor4_1 (0) disconnected node: B
Cell sky130_fd_sc_hd__nor4_1 (0) disconnected node: C
Cell sky130_fd_sc_hd__nor4_1 (0) disconnected node: D
Cell sky130_fd_sc_hd__nor4_1 (0) disconnected node: VGND
Cell sky130_fd_sc_hd__nor4_1 (0) disconnected node: VNB
Cell sky130_fd_sc_hd__nor4_1 (0) disconnected node: VPB
Cell sky130_fd_sc_hd__nor4_1 (0) disconnected node: VPWR
Cell sky130_fd_sc_hd__nor4_1 (0) disconnected node: Y

Subcircuit pins:
Circuit 1: sky130_fd_sc_hd__nor4_1         |Circuit 2: sky130_fd_sc_hd__nor4_1         
-------------------------------------------|-------------------------------------------
A                                          |A                                          
B                                          |B                                          
C                                          |C                                          
D                                          |D                                          
VGND                                       |VGND                                       
VNB                                        |VNB                                        
VPB                                        |VPB                                        
VPWR                                       |VPWR                                       
Y                                          |Y                                          
---------------------------------------------------------------------------------------
Cell pin lists are equivalent.
Device classes sky130_fd_sc_hd__nor4_1 and sky130_fd_sc_hd__nor4_1 are equivalent.

Cell sky130_fd_sc_hd__o211ai_4 (0) disconnected node: A1
Cell sky130_fd_sc_hd__o211ai_4 (0) disconnected node: A2
Cell sky130_fd_sc_hd__o211ai_4 (0) disconnected node: B1
Cell sky130_fd_sc_hd__o211ai_4 (0) disconnected node: C1
Cell sky130_fd_sc_hd__o211ai_4 (0) disconnected node: VGND
Cell sky130_fd_sc_hd__o211ai_4 (0) disconnected node: VNB
Cell sky130_fd_sc_hd__o211ai_4 (0) disconnected node: VPB
Cell sky130_fd_sc_hd__o211ai_4 (0) disconnected node: VPWR
Cell sky130_fd_sc_hd__o211ai_4 (0) disconnected node: Y

Subcircuit pins:
Circuit 1: sky130_fd_sc_hd__o211ai_4       |Circuit 2: sky130_fd_sc_hd__o211ai_4       
-------------------------------------------|-------------------------------------------
A1                                         |A1                                         
A2                                         |A2                                         
B1                                         |B1                                         
C1                                         |C1                                         
VGND                                       |VGND                                       
VNB                                        |VNB                                        
VPB                                        |VPB                                        
VPWR                                       |VPWR                                       
Y                                          |Y                                          
---------------------------------------------------------------------------------------
Cell pin lists are equivalent.
Device classes sky130_fd_sc_hd__o211ai_4 and sky130_fd_sc_hd__o211ai_4 are equivalent.

Cell sky130_fd_sc_hd__o221a_4 (0) disconnected node: A1
Cell sky130_fd_sc_hd__o221a_4 (0) disconnected node: A2
Cell sky130_fd_sc_hd__o221a_4 (0) disconnected node: B1
Cell sky130_fd_sc_hd__o221a_4 (0) disconnected node: B2
Cell sky130_fd_sc_hd__o221a_4 (0) disconnected node: C1
Cell sky130_fd_sc_hd__o221a_4 (0) disconnected node: VGND
Cell sky130_fd_sc_hd__o221a_4 (0) disconnected node: VNB
Cell sky130_fd_sc_hd__o221a_4 (0) disconnected node: VPB
Cell sky130_fd_sc_hd__o221a_4 (0) disconnected node: VPWR
Cell sky130_fd_sc_hd__o221a_4 (0) disconnected node: X

Subcircuit pins:
Circuit 1: sky130_fd_sc_hd__o221a_4        |Circuit 2: sky130_fd_sc_hd__o221a_4        
-------------------------------------------|-------------------------------------------
A1                                         |A1                                         
A2                                         |A2                                         
B1                                         |B1                                         
B2                                         |B2                                         
C1                                         |C1                                         
VGND                                       |VGND                                       
VNB                                        |VNB                                        
VPB                                        |VPB                                        
VPWR                                       |VPWR                                       
X                                          |X                                          
---------------------------------------------------------------------------------------
Cell pin lists are equivalent.
Device classes sky130_fd_sc_hd__o221a_4 and sky130_fd_sc_hd__o221a_4 are equivalent.

Cell sky130_fd_sc_hd__a21bo_4 (0) disconnected node: A1
Cell sky130_fd_sc_hd__a21bo_4 (0) disconnected node: A2
Cell sky130_fd_sc_hd__a21bo_4 (0) disconnected node: B1_N
Cell sky130_fd_sc_hd__a21bo_4 (0) disconnected node: VGND
Cell sky130_fd_sc_hd__a21bo_4 (0) disconnected node: VNB
Cell sky130_fd_sc_hd__a21bo_4 (0) disconnected node: VPB
Cell sky130_fd_sc_hd__a21bo_4 (0) disconnected node: VPWR
Cell sky130_fd_sc_hd__a21bo_4 (0) disconnected node: X

Subcircuit pins:
Circuit 1: sky130_fd_sc_hd__a21bo_4        |Circuit 2: sky130_fd_sc_hd__a21bo_4        
-------------------------------------------|-------------------------------------------
A1                                         |A1                                         
A2                                         |A2                                         
B1_N                                       |B1_N                                       
VGND                                       |VGND                                       
VNB                                        |VNB                                        
VPB                                        |VPB                                        
VPWR                                       |VPWR                                       
X                                          |X                                          
---------------------------------------------------------------------------------------
Cell pin lists are equivalent.
Device classes sky130_fd_sc_hd__a21bo_4 and sky130_fd_sc_hd__a21bo_4 are equivalent.

Cell sky130_fd_sc_hd__or3b_4 (0) disconnected node: A
Cell sky130_fd_sc_hd__or3b_4 (0) disconnected node: B
Cell sky130_fd_sc_hd__or3b_4 (0) disconnected node: C_N
Cell sky130_fd_sc_hd__or3b_4 (0) disconnected node: VGND
Cell sky130_fd_sc_hd__or3b_4 (0) disconnected node: VNB
Cell sky130_fd_sc_hd__or3b_4 (0) disconnected node: VPB
Cell sky130_fd_sc_hd__or3b_4 (0) disconnected node: VPWR
Cell sky130_fd_sc_hd__or3b_4 (0) disconnected node: X

Subcircuit pins:
Circuit 1: sky130_fd_sc_hd__or3b_4         |Circuit 2: sky130_fd_sc_hd__or3b_4         
-------------------------------------------|-------------------------------------------
A                                          |A                                          
B                                          |B                                          
C_N                                        |C_N                                        
VGND                                       |VGND                                       
VNB                                        |VNB                                        
VPB                                        |VPB                                        
VPWR                                       |VPWR                                       
X                                          |X                                          
---------------------------------------------------------------------------------------
Cell pin lists are equivalent.
Device classes sky130_fd_sc_hd__or3b_4 and sky130_fd_sc_hd__or3b_4 are equivalent.

Cell sky130_fd_sc_hd__o31ai_4 (0) disconnected node: A1
Cell sky130_fd_sc_hd__o31ai_4 (0) disconnected node: A2
Cell sky130_fd_sc_hd__o31ai_4 (0) disconnected node: A3
Cell sky130_fd_sc_hd__o31ai_4 (0) disconnected node: B1
Cell sky130_fd_sc_hd__o31ai_4 (0) disconnected node: VGND
Cell sky130_fd_sc_hd__o31ai_4 (0) disconnected node: VNB
Cell sky130_fd_sc_hd__o31ai_4 (0) disconnected node: VPB
Cell sky130_fd_sc_hd__o31ai_4 (0) disconnected node: VPWR
Cell sky130_fd_sc_hd__o31ai_4 (0) disconnected node: Y

Subcircuit pins:
Circuit 1: sky130_fd_sc_hd__o31ai_4        |Circuit 2: sky130_fd_sc_hd__o31ai_4        
-------------------------------------------|-------------------------------------------
A1                                         |A1                                         
A2                                         |A2                                         
A3                                         |A3                                         
B1                                         |B1                                         
VGND                                       |VGND                                       
VNB                                        |VNB                                        
VPB                                        |VPB                                        
VPWR                                       |VPWR                                       
Y                                          |Y                                          
---------------------------------------------------------------------------------------
Cell pin lists are equivalent.
Device classes sky130_fd_sc_hd__o31ai_4 and sky130_fd_sc_hd__o31ai_4 are equivalent.

Cell sky130_fd_sc_hd__dlygate4sd1_1 (0) disconnected node: A
Cell sky130_fd_sc_hd__dlygate4sd1_1 (0) disconnected node: VGND
Cell sky130_fd_sc_hd__dlygate4sd1_1 (0) disconnected node: VNB
Cell sky130_fd_sc_hd__dlygate4sd1_1 (0) disconnected node: VPB
Cell sky130_fd_sc_hd__dlygate4sd1_1 (0) disconnected node: VPWR
Cell sky130_fd_sc_hd__dlygate4sd1_1 (0) disconnected node: X

Subcircuit pins:
Circuit 1: sky130_fd_sc_hd__dlygate4sd1_1  |Circuit 2: sky130_fd_sc_hd__dlygate4sd1_1  
-------------------------------------------|-------------------------------------------
A                                          |A                                          
VGND                                       |VGND                                       
VNB                                        |VNB                                        
VPB                                        |VPB                                        
VPWR                                       |VPWR                                       
X                                          |X                                          
---------------------------------------------------------------------------------------
Cell pin lists are equivalent.
Device classes sky130_fd_sc_hd__dlygate4sd1_1 and sky130_fd_sc_hd__dlygate4sd1_1 are equivalent.

Cell sky130_fd_sc_hd__o211a_4 (0) disconnected node: A1
Cell sky130_fd_sc_hd__o211a_4 (0) disconnected node: A2
Cell sky130_fd_sc_hd__o211a_4 (0) disconnected node: B1
Cell sky130_fd_sc_hd__o211a_4 (0) disconnected node: C1
Cell sky130_fd_sc_hd__o211a_4 (0) disconnected node: VGND
Cell sky130_fd_sc_hd__o211a_4 (0) disconnected node: VNB
Cell sky130_fd_sc_hd__o211a_4 (0) disconnected node: VPB
Cell sky130_fd_sc_hd__o211a_4 (0) disconnected node: VPWR
Cell sky130_fd_sc_hd__o211a_4 (0) disconnected node: X

Subcircuit pins:
Circuit 1: sky130_fd_sc_hd__o211a_4        |Circuit 2: sky130_fd_sc_hd__o211a_4        
-------------------------------------------|-------------------------------------------
A1                                         |A1                                         
A2                                         |A2                                         
B1                                         |B1                                         
C1                                         |C1                                         
VGND                                       |VGND                                       
VNB                                        |VNB                                        
VPB                                        |VPB                                        
VPWR                                       |VPWR                                       
X                                          |X                                          
---------------------------------------------------------------------------------------
Cell pin lists are equivalent.
Device classes sky130_fd_sc_hd__o211a_4 and sky130_fd_sc_hd__o211a_4 are equivalent.

Cell sky130_fd_sc_hd__inv_12 (0) disconnected node: A
Cell sky130_fd_sc_hd__inv_12 (0) disconnected node: VGND
Cell sky130_fd_sc_hd__inv_12 (0) disconnected node: VNB
Cell sky130_fd_sc_hd__inv_12 (0) disconnected node: VPB
Cell sky130_fd_sc_hd__inv_12 (0) disconnected node: VPWR
Cell sky130_fd_sc_hd__inv_12 (0) disconnected node: Y

Subcircuit pins:
Circuit 1: sky130_fd_sc_hd__inv_12         |Circuit 2: sky130_fd_sc_hd__inv_12         
-------------------------------------------|-------------------------------------------
A                                          |A                                          
VGND                                       |VGND                                       
VNB                                        |VNB                                        
VPB                                        |VPB                                        
VPWR                                       |VPWR                                       
Y                                          |Y                                          
---------------------------------------------------------------------------------------
Cell pin lists are equivalent.
Device classes sky130_fd_sc_hd__inv_12 and sky130_fd_sc_hd__inv_12 are equivalent.

Cell sky130_fd_sc_hd__and2b_4 (0) disconnected node: A_N
Cell sky130_fd_sc_hd__and2b_4 (0) disconnected node: B
Cell sky130_fd_sc_hd__and2b_4 (0) disconnected node: VGND
Cell sky130_fd_sc_hd__and2b_4 (0) disconnected node: VNB
Cell sky130_fd_sc_hd__and2b_4 (0) disconnected node: VPB
Cell sky130_fd_sc_hd__and2b_4 (0) disconnected node: VPWR
Cell sky130_fd_sc_hd__and2b_4 (0) disconnected node: X

Subcircuit pins:
Circuit 1: sky130_fd_sc_hd__and2b_4        |Circuit 2: sky130_fd_sc_hd__and2b_4        
-------------------------------------------|-------------------------------------------
A_N                                        |A_N                                        
B                                          |B                                          
VGND                                       |VGND                                       
VNB                                        |VNB                                        
VPB                                        |VPB                                        
VPWR                                       |VPWR                                       
X                                          |X                                          
---------------------------------------------------------------------------------------
Cell pin lists are equivalent.
Device classes sky130_fd_sc_hd__and2b_4 and sky130_fd_sc_hd__and2b_4 are equivalent.

Cell sky130_fd_sc_hd__nand4_4 (0) disconnected node: A
Cell sky130_fd_sc_hd__nand4_4 (0) disconnected node: B
Cell sky130_fd_sc_hd__nand4_4 (0) disconnected node: C
Cell sky130_fd_sc_hd__nand4_4 (0) disconnected node: D
Cell sky130_fd_sc_hd__nand4_4 (0) disconnected node: VGND
Cell sky130_fd_sc_hd__nand4_4 (0) disconnected node: VNB
Cell sky130_fd_sc_hd__nand4_4 (0) disconnected node: VPB
Cell sky130_fd_sc_hd__nand4_4 (0) disconnected node: VPWR
Cell sky130_fd_sc_hd__nand4_4 (0) disconnected node: Y

Subcircuit pins:
Circuit 1: sky130_fd_sc_hd__nand4_4        |Circuit 2: sky130_fd_sc_hd__nand4_4        
-------------------------------------------|-------------------------------------------
A                                          |A                                          
B                                          |B                                          
C                                          |C                                          
D                                          |D                                          
VGND                                       |VGND                                       
VNB                                        |VNB                                        
VPB                                        |VPB                                        
VPWR                                       |VPWR                                       
Y                                          |Y                                          
---------------------------------------------------------------------------------------
Cell pin lists are equivalent.
Device classes sky130_fd_sc_hd__nand4_4 and sky130_fd_sc_hd__nand4_4 are equivalent.

Cell sky130_fd_sc_hd__o32a_4 (0) disconnected node: A1
Cell sky130_fd_sc_hd__o32a_4 (0) disconnected node: A2
Cell sky130_fd_sc_hd__o32a_4 (0) disconnected node: A3
Cell sky130_fd_sc_hd__o32a_4 (0) disconnected node: B1
Cell sky130_fd_sc_hd__o32a_4 (0) disconnected node: B2
Cell sky130_fd_sc_hd__o32a_4 (0) disconnected node: VGND
Cell sky130_fd_sc_hd__o32a_4 (0) disconnected node: VNB
Cell sky130_fd_sc_hd__o32a_4 (0) disconnected node: VPB
Cell sky130_fd_sc_hd__o32a_4 (0) disconnected node: VPWR
Cell sky130_fd_sc_hd__o32a_4 (0) disconnected node: X

Subcircuit pins:
Circuit 1: sky130_fd_sc_hd__o32a_4         |Circuit 2: sky130_fd_sc_hd__o32a_4         
-------------------------------------------|-------------------------------------------
A1                                         |A1                                         
A2                                         |A2                                         
A3                                         |A3                                         
B1                                         |B1                                         
B2                                         |B2                                         
VGND                                       |VGND                                       
VNB                                        |VNB                                        
VPB                                        |VPB                                        
VPWR                                       |VPWR                                       
X                                          |X                                          
---------------------------------------------------------------------------------------
Cell pin lists are equivalent.
Device classes sky130_fd_sc_hd__o32a_4 and sky130_fd_sc_hd__o32a_4 are equivalent.

Cell sky130_fd_sc_hd__o311ai_4 (0) disconnected node: A1
Cell sky130_fd_sc_hd__o311ai_4 (0) disconnected node: A2
Cell sky130_fd_sc_hd__o311ai_4 (0) disconnected node: A3
Cell sky130_fd_sc_hd__o311ai_4 (0) disconnected node: B1
Cell sky130_fd_sc_hd__o311ai_4 (0) disconnected node: C1
Cell sky130_fd_sc_hd__o311ai_4 (0) disconnected node: VGND
Cell sky130_fd_sc_hd__o311ai_4 (0) disconnected node: VNB
Cell sky130_fd_sc_hd__o311ai_4 (0) disconnected node: VPB
Cell sky130_fd_sc_hd__o311ai_4 (0) disconnected node: VPWR
Cell sky130_fd_sc_hd__o311ai_4 (0) disconnected node: Y

Subcircuit pins:
Circuit 1: sky130_fd_sc_hd__o311ai_4       |Circuit 2: sky130_fd_sc_hd__o311ai_4       
-------------------------------------------|-------------------------------------------
A1                                         |A1                                         
A2                                         |A2                                         
A3                                         |A3                                         
B1                                         |B1                                         
C1                                         |C1                                         
VGND                                       |VGND                                       
VNB                                        |VNB                                        
VPB                                        |VPB                                        
VPWR                                       |VPWR                                       
Y                                          |Y                                          
---------------------------------------------------------------------------------------
Cell pin lists are equivalent.
Device classes sky130_fd_sc_hd__o311ai_4 and sky130_fd_sc_hd__o311ai_4 are equivalent.

Class ALU (0):  Merged 276409 parallel devices.
Class ALU (1):  Merged 276409 parallel devices.
Subcircuit summary:
Circuit 1: ALU                             |Circuit 2: ALU                             
-------------------------------------------|-------------------------------------------
sky130_fd_sc_hd__decap_3 (228693->1)       |sky130_fd_sc_hd__decap_3 (228693->1)       
sky130_fd_sc_hd__tapvpwrvgnd_1 (18612->1)  |sky130_fd_sc_hd__tapvpwrvgnd_1 (18612->1)  
sky130_fd_sc_hd__or4bb_2 (53)              |sky130_fd_sc_hd__or4bb_2 (53)              
sky130_fd_sc_hd__fill_1 (17188->1)         |sky130_fd_sc_hd__fill_1 (17188->1)         
sky130_fd_sc_hd__fill_2 (11891->1)         |sky130_fd_sc_hd__fill_2 (11891->1)         
sky130_fd_sc_hd__or3_2 (417)               |sky130_fd_sc_hd__or3_2 (417)               
sky130_fd_sc_hd__nor4_2 (43)               |sky130_fd_sc_hd__nor4_2 (43)               
sky130_fd_sc_hd__and3b_2 (112)             |sky130_fd_sc_hd__and3b_2 (112)             
sky130_fd_sc_hd__o211a_2 (308)             |sky130_fd_sc_hd__o211a_2 (308)             
sky130_fd_sc_hd__inv_2 (2709)              |sky130_fd_sc_hd__inv_2 (2709)              
sky130_fd_sc_hd__nor2_2 (3492)             |sky130_fd_sc_hd__nor2_2 (3492)             
sky130_fd_sc_hd__a22o_2 (884)              |sky130_fd_sc_hd__a22o_2 (884)              
sky130_fd_sc_hd__nand2_2 (3863)            |sky130_fd_sc_hd__nand2_2 (3863)            
sky130_fd_sc_hd__and2_2 (1634)             |sky130_fd_sc_hd__and2_2 (1634)             
sky130_fd_sc_hd__o22a_2 (869)              |sky130_fd_sc_hd__o22a_2 (869)              
sky130_fd_sc_hd__xor2_2 (809)              |sky130_fd_sc_hd__xor2_2 (809)              
sky130_fd_sc_hd__a221o_2 (394)             |sky130_fd_sc_hd__a221o_2 (394)             
sky130_fd_sc_hd__nand2b_2 (451)            |sky130_fd_sc_hd__nand2b_2 (451)            
sky130_fd_sc_hd__or2_2 (2020)              |sky130_fd_sc_hd__or2_2 (2020)              
sky130_fd_sc_hd__o21ai_2 (807)             |sky130_fd_sc_hd__o21ai_2 (807)             
sky130_fd_sc_hd__o22ai_2 (231)             |sky130_fd_sc_hd__o22ai_2 (231)             
sky130_fd_sc_hd__xnor2_2 (2641)            |sky130_fd_sc_hd__xnor2_2 (2641)            
sky130_fd_sc_hd__dfrtp_2 (1498)            |sky130_fd_sc_hd__dfrtp_2 (1498)            
sky130_fd_sc_hd__a21bo_2 (427)             |sky130_fd_sc_hd__a21bo_2 (427)             
sky130_fd_sc_hd__and2b_2 (412)             |sky130_fd_sc_hd__and2b_2 (412)             
sky130_fd_sc_hd__a31o_2 (559)              |sky130_fd_sc_hd__a31o_2 (559)              
sky130_fd_sc_hd__a21o_2 (1332)             |sky130_fd_sc_hd__a21o_2 (1332)             
sky130_fd_sc_hd__o21a_2 (595)              |sky130_fd_sc_hd__o21a_2 (595)              
sky130_fd_sc_hd__or3b_2 (274)              |sky130_fd_sc_hd__or3b_2 (274)              
sky130_fd_sc_hd__a32o_2 (141)              |sky130_fd_sc_hd__a32o_2 (141)              
sky130_fd_sc_hd__clkdlybuf4s25_1 (2690)    |sky130_fd_sc_hd__clkdlybuf4s25_1 (2690)    
sky130_fd_sc_hd__nand3_2 (201)             |sky130_fd_sc_hd__nand3_2 (201)             
sky130_fd_sc_hd__mux2_1 (690)              |sky130_fd_sc_hd__mux2_1 (690)              
sky130_fd_sc_hd__buf_4 (261)               |sky130_fd_sc_hd__buf_4 (261)               
sky130_fd_sc_hd__buf_2 (373)               |sky130_fd_sc_hd__buf_2 (373)               
sky130_fd_sc_hd__buf_6 (79)                |sky130_fd_sc_hd__buf_6 (79)                
sky130_fd_sc_hd__a21oi_2 (1394)            |sky130_fd_sc_hd__a21oi_2 (1394)            
sky130_fd_sc_hd__o31ai_2 (73)              |sky130_fd_sc_hd__o31ai_2 (73)              
sky130_fd_sc_hd__o221a_2 (361)             |sky130_fd_sc_hd__o221a_2 (361)             
sky130_fd_sc_hd__a2bb2o_2 (271)            |sky130_fd_sc_hd__a2bb2o_2 (271)            
sky130_fd_sc_hd__and4bb_2 (45)             |sky130_fd_sc_hd__and4bb_2 (45)             
sky130_fd_sc_hd__a21boi_2 (103)            |sky130_fd_sc_hd__a21boi_2 (103)            
sky130_fd_sc_hd__a211o_2 (442)             |sky130_fd_sc_hd__a211o_2 (442)             
sky130_fd_sc_hd__a311o_2 (118)             |sky130_fd_sc_hd__a311o_2 (118)             
sky130_fd_sc_hd__a22oi_2 (97)              |sky130_fd_sc_hd__a22oi_2 (97)              
sky130_fd_sc_hd__or4_2 (304)               |sky130_fd_sc_hd__or4_2 (304)               
sky130_fd_sc_hd__a211o_4 (13)              |sky130_fd_sc_hd__a211o_4 (13)              
sky130_fd_sc_hd__xor2_4 (15)               |sky130_fd_sc_hd__xor2_4 (15)               
sky130_fd_sc_hd__a221oi_2 (44)             |sky130_fd_sc_hd__a221oi_2 (44)             
sky130_fd_sc_hd__and2_4 (19)               |sky130_fd_sc_hd__and2_4 (19)               
sky130_fd_sc_hd__dlygate4sd3_1 (695)       |sky130_fd_sc_hd__dlygate4sd3_1 (695)       
sky130_fd_sc_hd__and4_2 (138)              |sky130_fd_sc_hd__and4_2 (138)              
sky130_fd_sc_hd__and3_2 (742)              |sky130_fd_sc_hd__and3_2 (742)              
sky130_fd_sc_hd__o32a_2 (102)              |sky130_fd_sc_hd__o32a_2 (102)              
sky130_fd_sc_hd__nand4_2 (38)              |sky130_fd_sc_hd__nand4_2 (38)              
sky130_fd_sc_hd__clkbuf_2 (239)            |sky130_fd_sc_hd__clkbuf_2 (239)            
sky130_fd_sc_hd__a2111o_2 (113)            |sky130_fd_sc_hd__a2111o_2 (113)            
sky130_fd_sc_hd__dlymetal6s2s_1 (26)       |sky130_fd_sc_hd__dlymetal6s2s_1 (26)       
sky130_fd_sc_hd__clkbuf_4 (306)            |sky130_fd_sc_hd__clkbuf_4 (306)            
sky130_fd_sc_hd__dlymetal6s4s_1 (45)       |sky130_fd_sc_hd__dlymetal6s4s_1 (45)       
sky130_fd_sc_hd__o31a_2 (235)              |sky130_fd_sc_hd__o31a_2 (235)              
sky130_fd_sc_hd__o211ai_2 (65)             |sky130_fd_sc_hd__o211ai_2 (65)             
sky130_fd_sc_hd__a41o_2 (32)               |sky130_fd_sc_hd__a41o_2 (32)               
sky130_fd_sc_hd__and4b_2 (77)              |sky130_fd_sc_hd__and4b_2 (77)              
sky130_fd_sc_hd__o21ba_2 (190)             |sky130_fd_sc_hd__o21ba_2 (190)             
sky130_fd_sc_hd__or4b_2 (183)              |sky130_fd_sc_hd__or4b_2 (183)              
sky130_fd_sc_hd__nor2_1 (3)                |sky130_fd_sc_hd__nor2_1 (3)                
sky130_fd_sc_hd__a31oi_4 (2)               |sky130_fd_sc_hd__a31oi_4 (2)               
sky130_fd_sc_hd__nor3_2 (101)              |sky130_fd_sc_hd__nor3_2 (101)              
sky130_fd_sc_hd__clkbuf_8 (235)            |sky130_fd_sc_hd__clkbuf_8 (235)            
sky130_fd_sc_hd__a21oi_4 (23)              |sky130_fd_sc_hd__a21oi_4 (23)              
sky130_fd_sc_hd__o21bai_2 (91)             |sky130_fd_sc_hd__o21bai_2 (91)             
sky130_fd_sc_hd__o311ai_2 (11)             |sky130_fd_sc_hd__o311ai_2 (11)             
sky130_fd_sc_hd__conb_1 (30)               |sky130_fd_sc_hd__conb_1 (30)               
sky130_fd_sc_hd__a2111oi_2 (13)            |sky130_fd_sc_hd__a2111oi_2 (13)            
sky130_fd_sc_hd__a41oi_2 (6)               |sky130_fd_sc_hd__a41oi_2 (6)               
sky130_fd_sc_hd__o221ai_2 (33)             |sky130_fd_sc_hd__o221ai_2 (33)             
sky130_fd_sc_hd__buf_1 (40)                |sky130_fd_sc_hd__buf_1 (40)                
sky130_fd_sc_hd__o311a_2 (98)              |sky130_fd_sc_hd__o311a_2 (98)              
sky130_fd_sc_hd__a211oi_2 (84)             |sky130_fd_sc_hd__a211oi_2 (84)             
sky130_fd_sc_hd__diode_2 (99->70)          |sky130_fd_sc_hd__diode_2 (99->70)          
sky130_fd_sc_hd__clkdlybuf4s15_2 (47)      |sky130_fd_sc_hd__clkdlybuf4s15_2 (47)      
sky130_fd_sc_hd__clkbuf_16 (33)            |sky130_fd_sc_hd__clkbuf_16 (33)            
sky130_fd_sc_hd__buf_12 (8)                |sky130_fd_sc_hd__buf_12 (8)                
sky130_fd_sc_hd__a311oi_2 (12)             |sky130_fd_sc_hd__a311oi_2 (12)             
sky130_fd_sc_hd__xnor2_4 (32)              |sky130_fd_sc_hd__xnor2_4 (32)              
sky130_fd_sc_hd__or4_4 (11)                |sky130_fd_sc_hd__or4_4 (11)                
sky130_fd_sc_hd__inv_4 (16)                |sky130_fd_sc_hd__inv_4 (16)                
sky130_fd_sc_hd__a21o_4 (26)               |sky130_fd_sc_hd__a21o_4 (26)               
sky130_fd_sc_hd__o2111a_2 (37)             |sky130_fd_sc_hd__o2111a_2 (37)             
sky130_fd_sc_hd__o2bb2a_2 (166)            |sky130_fd_sc_hd__o2bb2a_2 (166)            
sky130_fd_sc_hd__mux2_4 (11)               |sky130_fd_sc_hd__mux2_4 (11)               
sky130_fd_sc_hd__mux4_2 (15)               |sky130_fd_sc_hd__mux4_2 (15)               
sky130_fd_sc_hd__o2111ai_4 (1)             |sky130_fd_sc_hd__o2111ai_4 (1)             
sky130_fd_sc_hd__o31a_4 (6)                |sky130_fd_sc_hd__o31a_4 (6)                
sky130_fd_sc_hd__o32ai_2 (14)              |sky130_fd_sc_hd__o32ai_2 (14)              
sky130_fd_sc_hd__a32oi_2 (11)              |sky130_fd_sc_hd__a32oi_2 (11)              
sky130_fd_sc_hd__a311oi_1 (1)              |sky130_fd_sc_hd__a311oi_1 (1)              
sky130_fd_sc_hd__nor2_4 (16)               |sky130_fd_sc_hd__nor2_4 (16)               
sky130_fd_sc_hd__nor3b_2 (21)              |sky130_fd_sc_hd__nor3b_2 (21)              
sky130_fd_sc_hd__a31oi_2 (48)              |sky130_fd_sc_hd__a31oi_2 (48)              
sky130_fd_sc_hd__nand3b_2 (22)             |sky130_fd_sc_hd__nand3b_2 (22)             
sky130_fd_sc_hd__or4bb_4 (1)               |sky130_fd_sc_hd__or4bb_4 (1)               
sky130_fd_sc_hd__o21a_4 (10)               |sky130_fd_sc_hd__o21a_4 (10)               
sky130_fd_sc_hd__or2_4 (27)                |sky130_fd_sc_hd__or2_4 (27)                
sky130_fd_sc_hd__clkinv_2 (25)             |sky130_fd_sc_hd__clkinv_2 (25)             
sky130_fd_sc_hd__clkinv_4 (9)              |sky130_fd_sc_hd__clkinv_4 (9)              
sky130_fd_sc_hd__nand2_4 (4)               |sky130_fd_sc_hd__nand2_4 (4)               
sky130_fd_sc_hd__nor4b_2 (8)               |sky130_fd_sc_hd__nor4b_2 (8)               
sky130_fd_sc_hd__a31o_4 (15)               |sky130_fd_sc_hd__a31o_4 (15)               
sky130_fd_sc_hd__a22o_4 (5)                |sky130_fd_sc_hd__a22o_4 (5)                
sky130_fd_sc_hd__o2111ai_2 (24)            |sky130_fd_sc_hd__o2111ai_2 (24)            
sky130_fd_sc_hd__o41a_2 (16)               |sky130_fd_sc_hd__o41a_2 (16)               
sky130_fd_sc_hd__or4b_4 (8)                |sky130_fd_sc_hd__or4b_4 (8)                
sky130_fd_sc_hd__bufinv_16 (14)            |sky130_fd_sc_hd__bufinv_16 (14)            
sky130_fd_sc_hd__nor4_4 (3)                |sky130_fd_sc_hd__nor4_4 (3)                
sky130_fd_sc_hd__buf_8 (16)                |sky130_fd_sc_hd__buf_8 (16)                
sky130_fd_sc_hd__a41o_4 (9)                |sky130_fd_sc_hd__a41o_4 (9)                
sky130_fd_sc_hd__mux2_2 (16)               |sky130_fd_sc_hd__mux2_2 (16)               
sky130_fd_sc_hd__and3_4 (12)               |sky130_fd_sc_hd__and3_4 (12)               
sky130_fd_sc_hd__a211oi_4 (3)              |sky130_fd_sc_hd__a211oi_4 (3)              
sky130_fd_sc_hd__and4_4 (1)                |sky130_fd_sc_hd__and4_4 (1)                
sky130_fd_sc_hd__o21ai_4 (12)              |sky130_fd_sc_hd__o21ai_4 (12)              
sky130_fd_sc_hd__o21ba_4 (3)               |sky130_fd_sc_hd__o21ba_4 (3)               
sky130_fd_sc_hd__a2111oi_1 (1)             |sky130_fd_sc_hd__a2111oi_1 (1)             
sky130_fd_sc_hd__or3_4 (7)                 |sky130_fd_sc_hd__or3_4 (7)                 
sky130_fd_sc_hd__o21bai_4 (1)              |sky130_fd_sc_hd__o21bai_4 (1)              
sky130_fd_sc_hd__nand4b_2 (4)              |sky130_fd_sc_hd__nand4b_2 (4)              
sky130_fd_sc_hd__a21boi_4 (2)              |sky130_fd_sc_hd__a21boi_4 (2)              
sky130_fd_sc_hd__inv_6 (5)                 |sky130_fd_sc_hd__inv_6 (5)                 
sky130_fd_sc_hd__o41a_4 (1)                |sky130_fd_sc_hd__o41a_4 (1)                
sky130_fd_sc_hd__clkbuf_1 (3)              |sky130_fd_sc_hd__clkbuf_1 (3)              
sky130_fd_sc_hd__a221oi_4 (2)              |sky130_fd_sc_hd__a221oi_4 (2)              
sky130_fd_sc_hd__a2111oi_4 (4)             |sky130_fd_sc_hd__a2111oi_4 (4)             
sky130_fd_sc_hd__o2bb2a_4 (5)              |sky130_fd_sc_hd__o2bb2a_4 (5)              
sky130_fd_sc_hd__o41ai_4 (2)               |sky130_fd_sc_hd__o41ai_4 (2)               
sky130_fd_sc_hd__o22ai_4 (1)               |sky130_fd_sc_hd__o22ai_4 (1)               
sky130_fd_sc_hd__inv_8 (1)                 |sky130_fd_sc_hd__inv_8 (1)                 
sky130_fd_sc_hd__o31ai_1 (3)               |sky130_fd_sc_hd__o31ai_1 (3)               
sky130_fd_sc_hd__nand3_1 (1)               |sky130_fd_sc_hd__nand3_1 (1)               
sky130_fd_sc_hd__nor3_4 (1)                |sky130_fd_sc_hd__nor3_4 (1)                
sky130_fd_sc_hd__o221ai_4 (1)              |sky130_fd_sc_hd__o221ai_4 (1)              
sky130_fd_sc_hd__nand3_4 (2)               |sky130_fd_sc_hd__nand3_4 (2)               
sky130_fd_sc_hd__a221oi_1 (1)              |sky130_fd_sc_hd__a221oi_1 (1)              
sky130_fd_sc_hd__o311a_4 (1)               |sky130_fd_sc_hd__o311a_4 (1)               
sky130_fd_sc_hd__a311oi_4 (2)              |sky130_fd_sc_hd__a311oi_4 (2)              
sky130_fd_sc_hd__nor4_1 (2)                |sky130_fd_sc_hd__nor4_1 (2)                
sky130_fd_sc_hd__o211ai_4 (1)              |sky130_fd_sc_hd__o211ai_4 (1)              
sky130_fd_sc_hd__o221a_4 (1)               |sky130_fd_sc_hd__o221a_4 (1)               
sky130_fd_sc_hd__a21bo_4 (3)               |sky130_fd_sc_hd__a21bo_4 (3)               
sky130_fd_sc_hd__or3b_4 (1)                |sky130_fd_sc_hd__or3b_4 (1)                
sky130_fd_sc_hd__o31ai_4 (2)               |sky130_fd_sc_hd__o31ai_4 (2)               
sky130_fd_sc_hd__dlygate4sd1_1 (2)         |sky130_fd_sc_hd__dlygate4sd1_1 (2)         
sky130_fd_sc_hd__o211a_4 (1)               |sky130_fd_sc_hd__o211a_4 (1)               
sky130_fd_sc_hd__inv_12 (1)                |sky130_fd_sc_hd__inv_12 (1)                
sky130_fd_sc_hd__and2b_4 (1)               |sky130_fd_sc_hd__and2b_4 (1)               
sky130_fd_sc_hd__nand4_4 (2)               |sky130_fd_sc_hd__nand4_4 (2)               
sky130_fd_sc_hd__o32a_4 (1)                |sky130_fd_sc_hd__o32a_4 (1)                
sky130_fd_sc_hd__o311ai_4 (1)              |sky130_fd_sc_hd__o311ai_4 (1)              
Number of devices: 39503                   |Number of devices: 39503                   
Number of nets: 39532                      |Number of nets: 39532                      
---------------------------------------------------------------------------------------
Netlists match uniquely.

Subcircuit pins:
Circuit 1: ALU                             |Circuit 2: ALU                             
-------------------------------------------|-------------------------------------------
clk                                        |clk                                        
A[22]                                      |A[22]                                      
A[20]                                      |A[20]                                      
A[6]                                       |A[6]                                       
A[24]                                      |A[24]                                      
A[8]                                       |A[8]                                       
A[4]                                       |A[4]                                       
A[2]                                       |A[2]                                       
A[1]                                       |A[1]                                       
B[0]                                       |B[0]                                       
A[29]                                      |A[29]                                      
A[19]                                      |A[19]                                      
A[27]                                      |A[27]                                      
B[29]                                      |B[29]                                      
B[26]                                      |B[26]                                      
B[24]                                      |B[24]                                      
B[14]                                      |B[14]                                      
B[23]                                      |B[23]                                      
B[13]                                      |B[13]                                      
B[12]                                      |B[12]                                      
B[30]                                      |B[30]                                      
B[20]                                      |B[20]                                      
B[28]                                      |B[28]                                      
B[16]                                      |B[16]                                      
A[5]                                       |A[5]                                       
A[3]                                       |A[3]                                       
A[7]                                       |A[7]                                       
B[5]                                       |B[5]                                       
B[11]                                      |B[11]                                      
B[15]                                      |B[15]                                      
B[18]                                      |B[18]                                      
B[7]                                       |B[7]                                       
B[8]                                       |B[8]                                       
B[31]                                      |B[31]                                      
B[21]                                      |B[21]                                      
A[30]                                      |A[30]                                      
B[10]                                      |B[10]                                      
B[9]                                       |B[9]                                       
B[27]                                      |B[27]                                      
B[17]                                      |B[17]                                      
B[19]                                      |B[19]                                      
B[22]                                      |B[22]                                      
B[25]                                      |B[25]                                      
opcode[3]                                  |opcode[3]                                  
opcode[2]                                  |opcode[2]                                  
opcode[4]                                  |opcode[4]                                  
opcode[1]                                  |opcode[1]                                  
opcode[0]                                  |opcode[0]                                  
A[0]                                       |A[0]                                       
A[18]                                      |A[18]                                      
A[15]                                      |A[15]                                      
B[6]                                       |B[6]                                       
reset                                      |reset                                      
A[26]                                      |A[26]                                      
B[2]                                       |B[2]                                       
A[16]                                      |A[16]                                      
A[9]                                       |A[9]                                       
A[28]                                      |A[28]                                      
A[12]                                      |A[12]                                      
A[14]                                      |A[14]                                      
A[11]                                      |A[11]                                      
A[10]                                      |A[10]                                      
B[4]                                       |B[4]                                       
A[21]                                      |A[21]                                      
A[23]                                      |A[23]                                      
A[25]                                      |A[25]                                      
B[1]                                       |B[1]                                       
B[3]                                       |B[3]                                       
A[17]                                      |A[17]                                      
A[31]                                      |A[31]                                      
A[13]                                      |A[13]                                      
remainder[15]                              |remainder[15]                              
remainder[12]                              |remainder[12]                              
remainder[16]                              |remainder[16]                              
remainder[18]                              |remainder[18]                              
remainder[19]                              |remainder[19]                              
remainder[17]                              |remainder[17]                              
remainder[22]                              |remainder[22]                              
remainder[26]                              |remainder[26]                              
remainder[24]                              |remainder[24]                              
remainder[14]                              |remainder[14]                              
remainder[23]                              |remainder[23]                              
remainder[13]                              |remainder[13]                              
remainder[31]                              |remainder[31]                              
remainder[30]                              |remainder[30]                              
remainder[20]                              |remainder[20]                              
remainder[29]                              |remainder[29]                              
remainder[28]                              |remainder[28]                              
remainder[21]                              |remainder[21]                              
remainder[25]                              |remainder[25]                              
remainder[27]                              |remainder[27]                              
product[17]                                |product[17]                                
quotient[4]                                |quotient[4]                                
product[28]                                |product[28]                                
result[4]                                  |result[4]                                  
div_zero                                   |div_zero                                   
product[56]                                |product[56]                                
product[57]                                |product[57]                                
product[63]                                |product[63]                                
remainder[5]                               |remainder[5]                               
product[43]                                |product[43]                                
product[42]                                |product[42]                                
product[41]                                |product[41]                                
product[44]                                |product[44]                                
product[45]                                |product[45]                                
product[46]                                |product[46]                                
product[47]                                |product[47]                                
product[48]                                |product[48]                                
product[49]                                |product[49]                                
product[50]                                |product[50]                                
product[51]                                |product[51]                                
product[38]                                |product[38]                                
product[37]                                |product[37]                                
product[36]                                |product[36]                                
product[35]                                |product[35]                                
product[34]                                |product[34]                                
product[33]                                |product[33]                                
product[32]                                |product[32]                                
product[39]                                |product[39]                                
product[40]                                |product[40]                                
remainder[11]                              |remainder[11]                              
product[52]                                |product[52]                                
product[53]                                |product[53]                                
product[54]                                |product[54]                                
product[55]                                |product[55]                                
product[58]                                |product[58]                                
product[59]                                |product[59]                                
product[60]                                |product[60]                                
product[61]                                |product[61]                                
product[62]                                |product[62]                                
remainder[1]                               |remainder[1]                               
remainder[2]                               |remainder[2]                               
remainder[3]                               |remainder[3]                               
remainder[0]                               |remainder[0]                               
result[31]                                 |result[31]                                 
zero                                       |zero                                       
result[0]                                  |result[0]                                  
result[1]                                  |result[1]                                  
result[2]                                  |result[2]                                  
result[3]                                  |result[3]                                  
valid                                      |valid                                      
result[28]                                 |result[28]                                 
remainder[10]                              |remainder[10]                              
remainder[8]                               |remainder[8]                               
result[27]                                 |result[27]                                 
result[17]                                 |result[17]                                 
remainder[4]                               |remainder[4]                               
remainder[7]                               |remainder[7]                               
remainder[9]                               |remainder[9]                               
remainder[6]                               |remainder[6]                               
result[12]                                 |result[12]                                 
result[14]                                 |result[14]                                 
result[13]                                 |result[13]                                 
result[16]                                 |result[16]                                 
result[15]                                 |result[15]                                 
borrow                                     |borrow                                     
carry                                      |carry                                      
overflow                                   |overflow                                   
result[11]                                 |result[11]                                 
result[10]                                 |result[10]                                 
result[19]                                 |result[19]                                 
result[18]                                 |result[18]                                 
result[20]                                 |result[20]                                 
result[25]                                 |result[25]                                 
result[24]                                 |result[24]                                 
result[23]                                 |result[23]                                 
result[22]                                 |result[22]                                 
result[21]                                 |result[21]                                 
result[26]                                 |result[26]                                 
result[29]                                 |result[29]                                 
result[30]                                 |result[30]                                 
result[6]                                  |result[6]                                  
result[7]                                  |result[7]                                  
result[5]                                  |result[5]                                  
result[8]                                  |result[8]                                  
result[9]                                  |result[9]                                  
negative                                   |negative                                   
product[27]                                |product[27]                                
product[13]                                |product[13]                                
product[14]                                |product[14]                                
product[15]                                |product[15]                                
product[16]                                |product[16]                                
quotient[27]                               |quotient[27]                               
quotient[17]                               |quotient[17]                               
quotient[16]                               |quotient[16]                               
quotient[15]                               |quotient[15]                               
quotient[14]                               |quotient[14]                               
quotient[13]                               |quotient[13]                               
product[31]                                |product[31]                                
quotient[3]                                |quotient[3]                                
quotient[12]                               |quotient[12]                               
quotient[31]                               |quotient[31]                               
product[4]                                 |product[4]                                 
quotient[30]                               |quotient[30]                               
quotient[11]                               |quotient[11]                               
quotient[10]                               |quotient[10]                               
quotient[20]                               |quotient[20]                               
quotient[21]                               |quotient[21]                               
quotient[23]                               |quotient[23]                               
quotient[22]                               |quotient[22]                               
quotient[25]                               |quotient[25]                               
quotient[24]                               |quotient[24]                               
quotient[26]                               |quotient[26]                               
quotient[5]                                |quotient[5]                                
quotient[6]                                |quotient[6]                                
quotient[7]                                |quotient[7]                                
quotient[2]                                |quotient[2]                                
quotient[1]                                |quotient[1]                                
quotient[0]                                |quotient[0]                                
quotient[29]                               |quotient[29]                               
quotient[18]                               |quotient[18]                               
quotient[19]                               |quotient[19]                               
quotient[28]                               |quotient[28]                               
quotient[8]                                |quotient[8]                                
quotient[9]                                |quotient[9]                                
product[12]                                |product[12]                                
product[30]                                |product[30]                                
product[8]                                 |product[8]                                 
product[10]                                |product[10]                                
product[11]                                |product[11]                                
product[3]                                 |product[3]                                 
product[0]                                 |product[0]                                 
product[1]                                 |product[1]                                 
product[2]                                 |product[2]                                 
product[29]                                |product[29]                                
product[5]                                 |product[5]                                 
product[6]                                 |product[6]                                 
product[7]                                 |product[7]                                 
product[9]                                 |product[9]                                 
product[18]                                |product[18]                                
product[19]                                |product[19]                                
product[20]                                |product[20]                                
product[21]                                |product[21]                                
product[22]                                |product[22]                                
product[23]                                |product[23]                                
product[24]                                |product[24]                                
product[25]                                |product[25]                                
product[26]                                |product[26]                                
VGND                                       |VGND                                       
VPWR                                       |VPWR                                       
---------------------------------------------------------------------------------------
Cell pin lists are equivalent.
Device classes ALU and ALU are equivalent.

Final result: Circuits match uniquely.
.
